canonical_key,brand_name,product_line_name,line_category,mixing_ratio_default,developer_default_volume,processing_time_default_minutes,technical_defaults_json,region_or_market,apparent_status,parent_company
Redken::Shades EQ Gloss::US,Redken,Shades EQ Gloss,demi,1:1,,20,"{""mixing_ratio"": ""1:1"", ""developer_volume"": null, ""processing_time_minutes"": 20, ""raw"": {""default_mixing_ratio"": [""redken_shades_eq_mix_process: \""1:1\""""], ""developer_options"": [""Shades EQ Gloss Processing Solution (official US 2022 chart: 'Use only with Shades EQ Gloss Processing Solution or Processing Solution for Precision Application')"", ""Shades EQ Processing Solution for Precision Application (official US 2022 chart)"", ""Gloss to Gel Processing Solution / Gloss to Gel Developer - transforms Shades EQ into a gel texture for precision application (salon-services UK chart)"", ""redken_shades_eq_mix_process: {\""mixing_ratio\"": \""1:1\"", \""developer\"": \""Shades EQ Processing Solution or Gloss to Gel Processing Solution\"", \""max_lift_levels\"": 0, \""processing_time_min\"": 20}""], ""developer_strengths_if_stated"": [""Gloss to Gel Developer described as '2% hydrogen peroxide specifically formulated to maintain an acidic pH' on the salon-services.com product listing (search extract, not from the fetched official chart)""], ""processing_time_ranges"": [""20 minutes at room temperature - standard processing for gloss, tone, refresh, correct, add dimension (official US 2022 chart '20 minute processing'; salon-services chart: 'Develop for 20 minutes')"", ""Gray blending, resistant hair, more vibrant results: process 15 minutes with plastic cap under a pre-heated warm dryer, then remove cap and cool 5 minutes at room temperature (official US 2022 chart)"", ""Resistant gray: 20 minutes with plastic cap under pre-heated warm dryer, then additional 20 minutes at room temperature (official Redken AU chart, 2013)"", ""20 minutes, up to 40 minutes for gray hair (official Redken AU chart, 2013, mixing table)"", ""Lighter color deposit / porous hair: process for the full recommended time at room temperature using 000 Crystal Clear in the formula or 09/010 level shades (official US 2022 chart)"", ""redken_shades_eq_mix_process: 20""]}}",US,active,L'Oréal (Professional Products Division)
Redken::Color Gels Lacquers::US,Redken,Color Gels Lacquers,permanent,1:1,20,20,"{""mixing_ratio"": ""1:1"", ""developer_volume"": 20, ""processing_time_minutes"": 20, ""raw"": {""default_mixing_ratio"": ""1:1 (color : developer), per the Mixing & Processing table on both official 2020 charts"", ""developer_options"": [""Pro-Oxide Cream Developer 10 volume"", ""Pro-Oxide Cream Developer 20 volume"", ""Pro-Oxide Cream Developer 30 volume"", ""Pro-Oxide Cream Developer 40 volume""], ""developer_strengths_if_stated"": [""10 volume"", ""20 volume"", ""30 volume"", ""40 volume""], ""processing_time_ranges"": [""10 volume: 20 minutes (minimal lift, up to 1 level)"", ""20 volume: 30-35 minutes per mini chart / 30 minutes per full-size chart (standard lift / gray coverage, up to 2 levels)"", ""30 volume: 40 minutes (additional lift, up to 3 levels)"", ""40 volume: 45 minutes (maximum lift, 3+ levels)"", ""Off-scalp / heat option: do not use heat (Mixing & Processing table)""]}}",US,active,L'Oréal (Professional Products Division)
Redken::Color Fusion::US,Redken,Color Fusion,permanent,1:1,,,"{""mixing_ratio"": ""1:1"", ""developer_volume"": null, ""processing_time_minutes"": null, ""raw"": {""default_mixing_ratio"": [""redken_color_fusion_mix_process: \""1:1\""""], ""developer_options"": [""redken_color_fusion_mix_process: {\""mixing_ratio\"": \""1:1\"", \""developer_volumes\"": [10, 20, 30, 40], \""processing_time_min\"": [35, 45], \""heat\"": false}""], ""developer_strengths_if_stated"": null, ""processing_time_ranges"": [""redken_color_fusion_mix_process: [35, 45]""]}}",US,active,L'Oréal (Professional Products Division)
Redken::Flash Lift Bonder Inside::global,Redken,Flash Lift / Flash Lift Bonder Inside,lightener,,,,,global,active,L'Oréal (Professional Products Division)
Redken::Chromatics::US,Redken,Chromatics,permanent,,,,,US,unclear,L'Oréal (Professional Products Division)
Redken::Shades ALK::US,Redken,Shades ALK,unknown,,,,,US,active,L'Oréal (Professional Products Division)
Redken::Blonde Idol::US,Redken,Blonde Idol,unknown,,,,,US,active,L'Oréal (Professional Products Division)
Redken::Blonde IQ::US,Redken,Blonde IQ,unknown,,,,,US,active,L'Oréal (Professional Products Division)
Redken::Color Camo::US,Redken,Color Camo,unknown,,,,,US,active,L'Oréal (Professional Products Division)
Wella Professionals::Koleston Perfect::US,Wella Professionals,Koleston Perfect,permanent,1:1,20,35,"{""mixing_ratio"": ""1:1"", ""developer_volume"": 20, ""processing_time_minutes"": 35, ""raw"": {""default_mixing_ratio"": ""1:1 with Welloxon Perfect (Pure Naturals, Rich Naturals, Vibrant Reds, Deep Browns); 1:2 for Special Blonde; Special Mix 1:1 except 0/43 at 1:2"", ""developer_options"": [""Welloxon Perfect Pastel 1.9%"", ""Welloxon Perfect 4%"", ""Welloxon Perfect 6%"", ""Welloxon Perfect 9%"", ""Welloxon Perfect 12%"", ""wella_kp_standard_processing_times: {\""standard_without_heat_min\"": [30, 40], \""standard_with_heat_min\"": [15, 25], \""special_blondes_without_heat_min\"": [50, 60], \""special_blondes_with_heat_min\"": [25, 35], \""pure_soft_balance_after_development_min\"": [5, 10]}""], ""developer_strengths_if_stated"": [""1.9% (6 Vol) - for color balancing, blonde toning and glossing services"", ""4% (13 Vol) - same depth or darker; deeper results on natural hair with no grey coverage required"", ""6% (20 Vol) - 1 level of lift; coverage of grey hair; same depth or darker"", ""9% (30 Vol) - 2 levels of lift; 3 levels with Special Blonde"", ""12% (40 Vol) - 3 levels of lift; 4-5 levels with Special Blonde""], ""processing_time_ranges"": [""Standard shades (Pure Naturals/Rich Naturals/Vibrant Reds/Deep Browns): 30-40 min without heat; 15-25 min with heat (Climazon)"", ""Special Blonde: 50-60 min without heat; 25-35 min with heat"", ""Full-head application with lightening, step 1 (lengths and ends): 20 min without heat / 10 min with heat (Pure Naturals/Rich Naturals/Deep Browns)"", ""Pastel toning: up to 15 min without heat, combing every 5 min"", ""Color leveling on lengths and ends: 5-10 min without heat"", ""Glossing (Welloxon Perfect Pastel 1.9%): 5-15 min"", ""Intense Balance: apply to lengths for last 10-15 min of root development""]}}",US,active,Wella Company
Wella Professionals::Illumina Color::US,Wella Professionals,Illumina Color,permanent,,,,,US,active,Wella Company
Wella Professionals::Color Touch::US,Wella Professionals,Color Touch,demi,1:2,6,20,"{""mixing_ratio"": ""1:2"", ""developer_volume"": 6, ""processing_time_minutes"": 20, ""raw"": {""default_mixing_ratio"": ""1:2 (1 part Color Touch + 2 parts Color Touch Emulsion 1.9% or 4%); Color Touch Plus 1:2 with Color Touch Plus Emulsion 4%; iNSTAMAT!C 1:1; Special Mix used within 1:2 total mix"", ""developer_options"": [""Color Touch Emulsion 1.9%"", ""Color Touch Emulsion 4%"", ""Color Touch Plus Emulsion 4% (for Color Touch Plus only)"", ""wella_color_touch_relights_touch_of_gloss: {\""formula\"": \""1 part /00 + 3 parts 1.9% Color Touch Emulsion\"", \""processing_time_min\"": 5, \""application\"": \""pre-shampooed hair\""}"", ""wella_color_touch_instamatic_processing_and_neutralization: {\""developer_options\"": [\""1.9%\"", \""4%\""], \""processing_time_min\"": [5, 20], \""neutralization_examples\"": {\""orange\"": \""Ocean Storm\"", \""yellow\"": \""Muted Mauve\"", \""red\"": \""Jaded Mint\""}, \""color_id_ratio\"": \""10:10:1 Instamatic:Emulsion:Color.id\""}""], ""developer_strengths_if_stated"": [""1.9% (6 vol per US store formulas) - same depth or darkening with soft regrowth; toning blondes; soft grey blending; after perm/straightening"", ""4% - increased colour vibrancy; colouring coarse hair types; intense grey blending; up to 70% grey coverage with Plus; low lift""], ""processing_time_ranges"": [""20 min without heat; 15 min with heat (Climazon) - core Color Touch and Color Touch Plus"", ""Blonde toning: 5-20 min, visually develop until desired result (distributor guide)"", ""Relights: blonde shades 5-10 min without heat; red shades 15-20 min without heat (technical folder)"", ""iNSTAMAT!C: 5-20 min depending on intensity, without heat (technical folder)"", ""Color balancing: watch for visual development 5-15 min (technical folder)"", ""wella_color_touch_relights_touch_of_gloss: 5"", ""wella_color_touch_instamatic_processing_and_neutralization: [5, 20]""]}}",US,active,Wella Company
Wella Professionals::Shinefinity::US,Wella Professionals,Shinefinity,toner,,,,,US,active,Wella Company
Wella Professionals::Color Fresh::US,Wella Professionals,"Color Fresh (incl. Color Fresh Create, Color Fresh Masks)",semi,,,,,US,active,Wella Company
Wella Professionals::Blondor::US,Wella Professionals,"Blondor (incl. BlondorPlex, Blondor Freelights, Blondor Toner)",lightener,,,,,US,active,Wella Company
Wella Professionals::Magma::global,Wella Professionals,Magma,mixed_system,,,,,global,active,Wella Company
Schwarzkopf Professional::IGORA ROYAL::US,Schwarzkopf Professional,IGORA ROYAL,permanent,1:1,20,20,"{""mixing_ratio"": ""1:1"", ""developer_volume"": 20, ""processing_time_minutes"": 20, ""raw"": {""default_mixing_ratio"": [""igora_royal_standard_mix_process: \""1:1\"""", ""igora_fashion_lights_off_scalp_only: \""1:1\"""", ""igora_royal_natural_standard_use: \""1:1\"""", ""igora_royal_fashion_lights: \""1:1\""""], ""developer_options"": [""IGORA ROYAL Oil Developer 3% (10 Vol.)"", ""IGORA ROYAL Oil Developer 6% (20 Vol.)"", ""IGORA ROYAL Oil Developer 9% (30 Vol.)"", ""IGORA ROYAL Oil Developer 12% (40 Vol.)"", ""igora_royal_standard_mix_process: {\""mixing_ratio\"": \""1:1\"", \""developer_volumes\"": [10, 20, 30], \""processing_time_min\"": [30, 45], \""apply_to\"": \""dry_unwashed_hair\""}"", ""igora_fashion_lights_off_scalp_only: {\""mixing_ratio\"": \""1:1\"", \""developer_volume\"": 40, \""processing_time_min\"": [30, 45], \""max_lift_levels\"": 5, \""application\"": \""off_scalp_only\"", \""starting_level_max\"": 6}"", ""igora_royal_natural_standard_use: {\""white_hair_coverage_pct\"": 100, \""mixing_ratio\"": \""1:1\"", \""developer_volumes\"": [10, 20, 30], \""processing_time_min\"": [30, 45], \""notes\"": \""Natural shades cover up to level 9.\""}"", ""igora_royal_fashion_lights: {\""usage\"": \""lift and color in one step\"", \""max_lift_levels\"": 5, \""mixing_ratio\"": \""1:1\"", \""developer_volume\"": 40, \""processing_time_min\"": [30, 45], \""application\"": \""off_scalp_only\"", \""starting_base\"": \""6 and darker; dark or colored bases\""}"", ""igora_royal_virgin_application: {\""apply_to\"": \""dry_unwashed_hair\"", \""steps\"": [\""apply first on mid-lengths and ends in fine sections leaving 1/2 inch regrowth out\"", \""develop 10 minutes or 15 minutes for Fashion Shades\"", \""apply to regrowth\"", \""develop 30-45 minutes\""]}"", ""igora_royal_regrowth_application: {\""apply_to\"": \""dry_unwashed_hair\"", \""steps\"": [\""apply color only to regrowth area first in fine sections\"", \""develop 15-20 minutes\"", \""apply IGORA ROYAL or IGORA VIBRANCE demi-permanent color to mid-lengths and ends\"", \""develop 10-15 minutes\""]}"", ""igora_royal_dual_application: {\""description\"": \""Permanent IGORA ROYAL for regrowth with IGORA VIBRANCE non-ammonia demi-permanent color for mid-lengths and ends.\"", \""steps\"": [\""apply permanent IGORA ROYAL to regrowth first\"", \""develop 15-20 minutes depending on mids/ends product\"", \""apply IGORA VIBRANCE to mid-lengths and ends\"", \""development time depends on desired intensity and instructions\""]}""], ""developer_strengths_if_stated"": [""3% / 10 Vol."", ""6% / 20 Vol."", ""9% / 30 Vol."", ""12% / 40 Vol.""], ""processing_time_ranges"": [""IGORA ROYAL core: 30-45 minutes"", ""IGORA ROYAL ABSOLUTES: 30-45 minutes"", ""HIGHLIFTS Ultra Blonde (10-) and Special Blonde (12-): 30-45 minutes"", ""One chart block reads '1:1, Development time up to 20 minutes, Recommended 3% (10 Vol.)' - its product binding (likely Pastels or Silver Whites) is ambiguous in the scrambled text layout"", ""IGORA COLOR10 (companion line on same chart): 'in as little as 10 minutes'"", ""igora_royal_standard_mix_process: [30, 45]"", ""igora_fashion_lights_off_scalp_only: [30, 45]"", ""igora_royal_natural_standard_use: [30, 45]"", ""igora_royal_fashion_lights: [30, 45]""]}}",US,active,Henkel
Schwarzkopf Professional::IGORA ZERO AMM::US,Schwarzkopf Professional,IGORA ZERO AMM,permanent,,,,,US,active,Henkel
Schwarzkopf Professional::IGORA VIBRANCE::US,Schwarzkopf Professional,IGORA VIBRANCE,demi,1:1,6,20,"{""mixing_ratio"": ""1:1"", ""developer_volume"": 6, ""processing_time_minutes"": 20, ""raw"": {""default_mixing_ratio"": ""1:1 on all shades (IFU: 'IGORA VIBRANCE is formulated with an easy 1:1 mixing ratio on all shades')"", ""developer_options"": [""IGORA VIBRANCE Activator Gel 1.9% (6 Vol.) - gel consistency, ideal for bottle application"", ""IGORA VIBRANCE Activator Lotion 1.9% (6 Vol.) - cream consistency, bowl & brush"", ""IGORA VIBRANCE Activator Lotion 4% (13 Vol.) - cream consistency, bowl & brush""], ""developer_strengths_if_stated"": [""1.9% / 6 Vol."", ""4% / 13 Vol.""], ""processing_time_ranges"": [""Mixing/usage table: development time 5-20 min"", ""Full head application: 10-20 min"", ""Placement or freehand application: 10-20 min"", ""Neutralization after lightening services: develop visually for 5-20 min"", ""Pastel toning: develop visually for 5-20 min"", ""Gloss service (0-00 without activator): leave for 5-20 minutes"", ""White hair blending (all listed white % bands): 20 min"", ""Dual-System Application: IGORA ROYAL on re-growth 10-20 min, then IGORA VIBRANCE on mid-lengths/ends another 10-20 min"", ""Official US FAQ: development time up to 20 minutes; 10-20 min for global/re-growth, 5-20 min for gloss""]}}",US,active,Henkel
Schwarzkopf Professional::Chroma ID::US,Schwarzkopf Professional,Chroma ID,direct_dye,,,,,US,active,Henkel
Schwarzkopf Professional::BlondMe::US,Schwarzkopf Professional,BLONDME,mixed_system,,,,,US,active,Henkel
Schwarzkopf Professional::IGORA VARIO BLOND::global,Schwarzkopf Professional,IGORA VARIO BLOND,lightener,,,,,global,active,Henkel
Goldwell::Topchic::US,Goldwell,Topchic,permanent,1:1,,,"{""mixing_ratio"": ""1:1"", ""developer_volume"": null, ""processing_time_minutes"": null, ""raw"": {""default_mixing_ratio"": ""1:1 color:TOPCHIC Cream Developer Lotion"", ""developer_options"": [""TOPCHIC Cream Developer Lotion 3% (10 vol.)"", ""6% (20 vol.)"", ""9% (30 vol.)"", ""12% (40 vol.)""], ""developer_strengths_if_stated"": ""Virgin-hair deposit/lift table on Color Guide"", ""processing_time_ranges"": null}}",US,active,Kao Corporation (Kao Salon Division)
Goldwell::Topchic Zero::US,Goldwell,Topchic Zero,permanent,,,,,US,active,Kao Corporation (Kao Salon Division)
Goldwell::Colorance::US,Goldwell,"Colorance (incl. Cover Plus, Gloss Tones)",demi,2:1,,25,"{""mixing_ratio"": ""2:1"", ""developer_volume"": null, ""processing_time_minutes"": 25, ""raw"": {""default_mixing_ratio"": ""2:1 Colorance Lotion : color (standard); Cover Plus 2:1 Cover Plus Lotion"", ""developer_options"": [""Colorance Lotion"", ""Colorance Cover Plus Lotion"", ""Colorance Express Toning Lotion""], ""developer_strengths_if_stated"": ""Colorance Lotion only (demi deposit)"", ""processing_time_ranges"": [""Up to 25 minutes standard; Express Toning 5 minutes""]}}",US,active,Kao Corporation (Kao Salon Division)
Goldwell::Elumen::US,Goldwell,Elumen (incl. Elumen Play),direct_dye,,,,,US,active,Kao Corporation (Kao Salon Division)
Goldwell::SilkLift::US,Goldwell,LightDimensions SilkLift,lightener,,,,,US,active,Kao Corporation (Kao Salon Division)
Goldwell::Oxycur Platin::US,Goldwell,Oxycur Platin,lightener,,,,,US,active,Kao Corporation (Kao Salon Division)
Goldwell::@Pure Pigments::US,Goldwell,@Pure Pigments,direct_dye,,,,,US,active,Kao Corporation (Kao Salon Division)
Matrix::SoColor::US,Matrix,SoColor (Pre-Bonded),permanent,1:1,20,38,"{""mixing_ratio"": ""1:1"", ""developer_volume"": 20, ""processing_time_minutes"": 38, ""raw"": {""default_mixing_ratio"": [""matrix_socolor_standard_usage: \""1:1\""""], ""developer_options"": [""Matrix Cream Developer 10 Volume (3%)"", ""Matrix Cream Developer 20 Volume (6%)"", ""Matrix Cream Developer 30 Volume (9%)"", ""Matrix Cream Developer 40 Volume (12%)"", ""matrix_socolor_standard_usage: {\""mixing_ratio\"": \""1:1\"", \""processing_time_min\"": [30, 45], \""process_45_when\"": [\""lifting more than 1 level\"", \""depositing on gray\"", \""maximum deposit\""], \""application\"": \""clean dry hair\""}""], ""developer_strengths_if_stated"": [""10 Volume: Up to 1 Level of lightening action"", ""20 Volume: Up to 2 Levels of lightening action"", ""30 Volume: Up to 3 Levels of lightening action"", ""40 Volume: Up to 4 Levels of lightening action"", ""'In general, when lifting beyond one level, for every 10 Volume of Matrix Cream Developer used, you will achieve up to one level of lift.'"", ""Extra Coverage and DreamAge: 20 Volume (6%)"", ""Ultra Blonde: 30 Volume (9%) for maximum neutralization, 40 Volume (12%) for maximum lift"", ""After a texture service (post 14-day wait): may not exceed 20 volume""], ""processing_time_ranges"": [""Blended Collection: 30-45 minutes room temperature (*full 45 minutes when lifting more than 1 level and when depositing on gray); FAQ states 'Blended: 30min'"", ""Reflect Collection: 30-45 minutes room temperature; FAQ states 'Reflect: 30min'"", ""Extra Coverage: up to 45 minutes room temperature (*full 45 minutes for resistant gray hair); FAQ states 'Extra Coverage: 30-45min'"", ""DreamAge: up to 45 minutes room temperature; FAQ states 'Dream Age: 30-45min'"", ""Ultra Blonde: 50 minutes room temperature (*full 50 minutes for maximum lift + neutralization)"", ""HD Reds: 30-45 minutes room temperature; FAQ states 'HD Reds: 30min'"", ""Power Cools: 30min (FAQ)"", ""SoColor 10 min: 10 minutes (5-minute buffer window between minutes 10-15)"", ""SoRed: highlighter use up to 15 minutes with heat + 5 minutes cool; booster use 30 minutes room temperature"", ""Extra Blonding Cream formulas: 30-45 minutes room temperature"", ""Base Adjust technique: 5-10 minutes including application"", ""Strand test: 10-20 minutes"", ""matrix_socolor_standard_usage: [30, 45]""]}}",US,active,L'Oréal (Professional Products Division)
Matrix::SoColor Sync::US,Matrix,SoColor Sync,demi,1:1,20,20,"{""mixing_ratio"": ""1:1"", ""developer_volume"": 20, ""processing_time_minutes"": 20, ""raw"": {""default_mixing_ratio"": [""matrix_socolor_sync_usage: \""1:1\""""], ""developer_options"": [""Matrix Cream Developer 10 Volume (3%)"", ""Matrix Cream Developer 20 Volume (6%) (recommended for gray blending on up to 75% gray hair)"", ""matrix_socolor_sync_usage: {\""mixing_ratio\"": \""1:1\"", \""developer\"": \""10 Volume Matrix Cream Developer\"", \""processing_time_min\"": 20, \""application\"": \""clean dry hair\"", \""porous_hair\"": \""lightly mist Instacure on mids and ends before blending through\""}""], ""developer_strengths_if_stated"": [""Standard: 10 Volume (3%) Matrix Cream Developer"", ""Gray blending on up to 75% gray: 20 Volume (6%) Matrix Cream Developer, adding Neutral, Gold or Warm Neutral shades"", ""Immediately following a Matrix Opti brand texture service: mixed only with 10 volume developer""], ""processing_time_ranges"": [""Alkaline Toners: 20 minutes room temperature ('Up to 20 minutes at Room temperature' in At a Glance)"", ""Fast Toners: 2-5 minutes at the back bar"", ""Clear: up to 20 minutes room temperature (*process 20 minutes for longest lasting results)"", ""HD Series: 20 minutes room temperature"", ""Refreshing over permanent color: process as needed, up to 20 minutes"", ""Immediately after an Opti texture service: up to 10 minutes, checking frequently"", ""Strand test: 10-20 minutes (Fast Toners: 2-5 minutes)"", ""matrix_socolor_sync_usage: 20""]}}",US,active,L'Oréal (Professional Products Division)
Matrix::Tonal Control::US,Matrix,Tonal Control Pre-Bonded,toner,1:1,10,20,"{""mixing_ratio"": ""1:1"", ""developer_volume"": 10, ""processing_time_minutes"": 20, ""raw"": {""default_mixing_ratio"": [""matrix_tonal_control_usage: \""1:1\""""], ""developer_options"": [""10 Volume (3%) Matrix Cream Developer"", ""matrix_tonal_control_usage: {\""mixing_ratio\"": \""1:1\"", \""developer\"": \""10 Volume Matrix Cream Developer\"", \""processing_time_min\"": 20, \""application\"": \""dry or damp towel-dried hair\"", \""no_base_shift\"": true}""], ""developer_strengths_if_stated"": [""10 Vol only; no lift (manual p.44-45)""], ""processing_time_ranges"": [""20 minutes room temperature (manual p.44)"", ""matrix_tonal_control_usage: 20""]}}",US,active,L'Oréal (Professional Products Division)
Matrix::Light Master::US,Matrix,Light Master (incl. Light Master Pre-Bonded),lightener,1:1.5,30,50,"{""mixing_ratio"": ""1:1.5"", ""developer_volume"": 30, ""processing_time_minutes"": 50, ""raw"": {""default_mixing_ratio"": ""Classic off-scalp 1:1.5–1:2; Pre-Bonded off-scalp 1:1.5–1:2; on-scalp 1:2 (manual pp.70-71)"", ""developer_options"": [""Matrix Cream Developer 10 Volume"", ""Matrix Cream Developer 20 Volume"", ""Matrix Cream Developer 30 Volume"", ""Matrix Cream Developer 40 Volume (off-scalp maximum)""], ""developer_strengths_if_stated"": [""Off-scalp up to 40 volume; on-scalp up to 30 volume (manual pp.70-71)""], ""processing_time_ranges"": [""Up to 50 minutes; do not use heat; do not cover hair or gather in a bun for on-scalp (manual pp.70-71)""]}}",US,active,L'Oréal (Professional Products Division)
Matrix::SoColor Cult::US,Matrix,SoColor Cult (Vivids),direct_dye,no developer,,30,"{""mixing_ratio"": ""no developer"", ""developer_volume"": null, ""processing_time_minutes"": 30, ""raw"": {""default_mixing_ratio"": ""Direct application — no developer required"", ""developer_options"": [], ""developer_strengths_if_stated"": [""No developer needed (manual p.64-66)""], ""processing_time_ranges"": [""Up to 30 minutes (manual p.66)""]}}",US,active,L'Oréal (Professional Products Division)
Matrix::Super Sync::US,Matrix,Super Sync,unknown,1:1,10,20,"{""mixing_ratio"": ""1:1"", ""developer_volume"": 10, ""processing_time_minutes"": 20, ""raw"": {""default_mixing_ratio"": ""1:1 (Super Sync + 10 Volume (3%) Matrix Cream Developer)"", ""developer_options"": [""10 Volume (3%) Matrix Cream Developer""], ""developer_strengths_if_stated"": [""10 Vol; up to 1 level lift (product positioning on chart)""], ""processing_time_ranges"": [""20 minutes room temperature on clean 80%+ dry hair (chart footer)""]}}",US,unclear,L'Oréal (Professional Products Division)
Joico::LumiShine Permanent Creme Color::US,Joico,LumiShine Permanent Crème Color,permanent,,,,,US,active,Henkel
Joico::LumiShine YouthLock Permanent Creme Color::US,Joico,LumiShine YouthLock Permanent Crème Color,permanent,,,,,US,active,Henkel
Joico::LumiShine Lumi10 Permanent Creme Color::US,Joico,LumiShine Lumi10 Permanent Crème Color,permanent,,,,,US,active,Henkel
Joico::LumiShine Demi-Permanent Creme Color::US,Joico,LumiShine Demi-Permanent Crème Color,demi,,,,,US,active,Henkel
Joico::LumiShine Demi-Permanent Liquid Color::US,Joico,LumiShine Demi-Permanent Liquid Color,demi,,,,,US,active,Henkel
Joico::Vero K-PAK Color::US,Joico,Vero K-PAK Color,permanent,,,,,US,active,Henkel
Joico::Blonde Life::US,Joico,Blonde Life,mixed_system,,,,,US,active,Henkel
Joico::Color Intensity::US,Joico,Color Intensity,direct_dye,,,,,US,active,Henkel
Kenra Professional::Kenra Color Permanent::US,Kenra Professional,Kenra Color Permanent,permanent,1:1,20,30,"{""mixing_ratio"": ""1:1"", ""developer_volume"": 20, ""processing_time_minutes"": 30, ""raw"": {""default_mixing_ratio"": ""1:1 with Kenra Color Permanent Developer"", ""developer_options"": [""10V"", ""20V"", ""30V"", ""40V""], ""developer_strengths_if_stated"": ""10V deposit/gray; 20V–40V lift per workbook chart"", ""processing_time_ranges"": ""30 minutes; up to 40 minutes for gray coverage""}}",US,active,Henkel
Kenra Professional::Kenra Color Demi-Permanent::US,Kenra Professional,Kenra Color Demi-Permanent,demi,1:2,9,25,"{""mixing_ratio"": ""1:2"", ""developer_volume"": 9, ""processing_time_minutes"": 25, ""raw"": {""default_mixing_ratio"": ""1:2 with Kenra Color Demi-Permanent Activator (9 Volume)"", ""developer_options"": [""9 Volume Activator""], ""developer_strengths_if_stated"": ""9 Volume only"", ""processing_time_ranges"": ""25 minutes (workbook)""}}",US,active,Henkel
Kenra Professional::Kenra Color Creatives::US,Kenra Professional,Kenra Color Creatives (Semi-Permanent),semi,,,,"{""mixing_ratio"": null, ""developer_volume"": null, ""processing_time_minutes"": null, ""raw"": {""default_mixing_ratio"": null, ""developer_options"": [], ""developer_strengths_if_stated"": null, ""processing_time_ranges"": null}}",US,active,Henkel
Kenra Professional::Kenra Color Rapid Toners::US,Kenra Professional,Kenra Color Rapid Toners,toner,1:2,9,5,"{""mixing_ratio"": ""1:2"", ""developer_volume"": 9, ""processing_time_minutes"": 5, ""raw"": {""default_mixing_ratio"": ""1:2 with 9 Volume Activator"", ""developer_options"": [""9 Volume Activator""], ""developer_strengths_if_stated"": ""9 Volume"", ""processing_time_ranges"": ""5 minutes or less""}}",US,active,Henkel
Kenra Professional::Studio Stylist Express::US,Kenra Professional,Studio Stylist Express,permanent,1:1,10,10,"{""mixing_ratio"": ""1:1"", ""developer_volume"": 10, ""processing_time_minutes"": 10, ""raw"": {""default_mixing_ratio"": ""1:1 with Kenra Color Developer 10V–30V"", ""developer_options"": [""10V"", ""20V"", ""30V""], ""developer_strengths_if_stated"": ""10V–30V"", ""processing_time_ranges"": ""10 minutes or less (5 minutes for gray blending)""}}",US,active,Henkel
Kenra Professional::Simply Blonde::US,Kenra Professional,Simply Blonde,lightener,,,,,US,active,Henkel
Pravana::ChromaSilk Creme Color::US,Pravana,ChromaSilk Crème Color (Permanent),permanent,1:1.5,10,30,"{""mixing_ratio"": ""1:1.5"", ""developer_volume"": 10, ""processing_time_minutes"": 30, ""raw"": {""default_mixing_ratio"": ""1:1.5 (Color:Developer)"", ""developer_options"": [""ChromaSilk Creme Developer 10V"", ""ChromaSilk Creme Developer 20V"", ""ChromaSilk Creme Developer 30V"", ""ChromaSilk Creme Developer 40V""], ""developer_strengths_if_stated"": ""10V–40V per official product pages (\""creme developer 10-40V\"")"", ""processing_time_ranges"": ""30 minutes — up to 45 minutes (printed on product pages)""}}",US,active,Henkel
Pravana::ChromaSilk VIVIDS::US,Pravana,"ChromaSilk VIVIDS (Original, Neons, Pastels)",direct_dye,,,25,"{""mixing_ratio"": null, ""developer_volume"": null, ""processing_time_minutes"": 25, ""raw"": {""default_mixing_ratio"": null, ""developer_options"": [], ""developer_strengths_if_stated"": null, ""processing_time_ranges"": ""20–30 minutes on several shade pages; not uniform across collection""}}",US,active,Henkel
Pravana::ChromaSilk VIVIDS Everlasting::US,Pravana,ChromaSilk VIVIDS Everlasting,permanent,,20,,"{""mixing_ratio"": null, ""developer_volume"": 20, ""processing_time_minutes"": null, ""raw"": {""default_mixing_ratio"": ""10V or 20V only (no high-volume developer)"", ""developer_options"": [""10V"", ""20V""], ""developer_strengths_if_stated"": ""10V max deposit; 20V lighter/brighter (product pages)"", ""processing_time_ranges"": null}}",US,active,Henkel
Pravana::ChromaSilk Express Tones::US,Pravana,ChromaSilk Express Tones,toner,1:1.5,,5,"{""mixing_ratio"": ""1:1.5"", ""developer_volume"": null, ""processing_time_minutes"": 5, ""raw"": {""default_mixing_ratio"": ""1:1.5 (Tone:Zero Lift Developer)"", ""developer_options"": [""ChromaSilk Zero Lift Creme Developer""], ""developer_strengths_if_stated"": ""Zero Lift only (printed on product pages)"", ""processing_time_ranges"": ""5 minutes or less (printed on product pages)""}}",US,active,Henkel
Pravana::Pure Light::US,Pravana,"Pure Light (Power Lightener, Ultra Lightener)",lightener,,,,,US,active,Henkel
Paul Mitchell::The Color::global,Paul Mitchell,Paul Mitchell The Color,permanent,,,,,global,active,John Paul Mitchell Systems
Paul Mitchell::The Color XG::global,Paul Mitchell,Paul Mitchell Color XG (incl. CoverSmart),permanent,,,,,global,active,John Paul Mitchell Systems
Paul Mitchell::Crema XG::global,Paul Mitchell,Paul Mitchell Crema XG,demi,,,,,global,active,John Paul Mitchell Systems
Paul Mitchell::The Demi::global,Paul Mitchell,Paul Mitchell The Demi,demi,1:1,10,12,"{""mixing_ratio"": ""1:1"", ""developer_volume"": 10, ""processing_time_minutes"": 12, ""raw"": {""default_mixing_ratio"": ""1:1 with Paul Mitchell Cream Developer"", ""developer_options"": [""Cream Developer 10 volume""], ""developer_strengths_if_stated"": ""10 volume"", ""processing_time_ranges"": ""5–20 minutes""}}",global,active,John Paul Mitchell Systems
Paul Mitchell::PM Shines::US,Paul Mitchell,PM Shines,demi,,,,,US,discontinued,John Paul Mitchell Systems
Paul Mitchell::Pop XG::global,Paul Mitchell,Pop XG,direct_dye,,,,,global,unclear,John Paul Mitchell Systems
Paul Mitchell::The Color 10 Minute::global,Paul Mitchell,Paul Mitchell The Color (10 Minute express permanent),permanent,,,,,global,unclear,John Paul Mitchell Systems
Paul Mitchell::Lighteners::global,Paul Mitchell,"Paul Mitchell Lighteners (e.g., Dual-Purpose Lightener, Skylight, Bond Rx)",lightener,,,,,global,unclear,John Paul Mitchell Systems
Pulp Riot::Semi-Permanent::US,Pulp Riot,Pulp Riot Semi-Permanent (Paint),direct_dye,,,,"{""mixing_ratio"": null, ""developer_volume"": null, ""processing_time_minutes"": null, ""raw"": {""default_mixing_ratio"": null, ""developer_options"": [], ""developer_strengths_if_stated"": null, ""processing_time_ranges"": null}}",US,active,L'Oréal
Pulp Riot::FACTION8::US,Pulp Riot,FACTION8,permanent,1:1,,35,"{""mixing_ratio"": ""1:1"", ""developer_volume"": null, ""processing_time_minutes"": 35, ""raw"": {""default_mixing_ratio"": ""1:1 standard FACTION8 color : Pulp Riot Developer; 1:2 for High Lift shades."", ""developer_options"": [""Pulp Riot Developer; volume selected from peroxide chart according to lift/deposit goal.""], ""developer_strengths_if_stated"": ""Peroxide chart referenced by manufacturer; specific volumes not enumerated on the captured official product page."", ""processing_time_ranges"": ""35 minutes standard; 45-55 minutes for High Lift shades.""}}",US,active,L'Oréal
Pulp Riot::High Speed Toner::US,Pulp Riot,High Speed Toners,toner,,,,,US,active,L'Oréal
Pulp Riot::Liquid Demi::US,Pulp Riot,Liquid Demi,demi,,,,,US,unclear,L'Oréal
Pulp Riot::Lighteners::US,Pulp Riot,Pulp Riot Lighteners,lightener,,,,,US,active,L'Oréal
Pulp Riot::Blank Canvas::US,Pulp Riot,Blank Canvas (Semi-Permanent Color Remover),lightener,,,,,US,active,L'Oréal
Davines::Mask with Vibrachrom::US,Davines,Mask with Vibrachrom,permanent,,,,,US,active,Davines Group (Davines S.p.A.)
Davines::A New Colour::US,Davines,A New Colour,permanent,,,,,US,active,Davines Group (Davines S.p.A.)
Davines::View::US,Davines,View,demi,,,,,US,active,Davines Group (Davines S.p.A.)
Davines::The Present Time::US,Davines,The Present Time,demi,,,,,US,active,Davines Group (Davines S.p.A.)
Davines::The Century of Light::US,Davines,The Century of Light,lightener,,,,,US,active,Davines Group (Davines S.p.A.)
Davines::Finest Pigments::US,Davines,Finest Pigments,direct_dye,,,,,US,active,Davines Group (Davines S.p.A.)
Framesi::Framcolor 2001::US,Framesi,Framcolor 2001,permanent,,,,,US,active,Framesi S.p.A.
Framesi::Framcolor 2001 Intense::global,Framesi,Framcolor 2001 Intense,permanent,,,,,global,active,Framesi S.p.A.
Framesi::Framcolor Glamour::US,Framesi,Framcolor Glamour,permanent,,,,,US,active,Framesi S.p.A.
Framesi::Framcolor Eclectic::US,Framesi,Framcolor Eclectic,demi,,,,,US,active,Framesi S.p.A.
Framesi::Framcolor Eclectic Care::US,Framesi,Framcolor Eclectic Care,permanent,,,,,US,active,Framesi S.p.A.
Framesi::Framcolor Eclectic 5D Color Gloss::global,Framesi,Framcolor Eclectic 5D Color Gloss,demi,,,,,global,active,Framesi S.p.A.
Framesi::Framcolor Pure Pigment Plus::global,Framesi,Framcolor Pure Pigment Plus,direct_dye,,,,,global,active,Framesi S.p.A.
Framesi::Decolor B::US,Framesi,Decolor B,lightener,,,,,US,active,Framesi S.p.A.
Framesi::Framcolor Futura::US,Framesi,Framcolor Futura,permanent,,,,,US,unclear,Framesi S.p.A.
Keune::Tinta Color::global,Keune,Tinta Color,permanent,,,,,global,active,Keune Haircosmetics
Keune::Semi Color::global,Keune,Semi Color,demi,,,,,global,active,Keune Haircosmetics
Keune::So Pure Color::global,Keune,So Pure Color,permanent,,,,,global,active,Keune Haircosmetics
Keune::Color Chameleon::global,Keune,Color Chameleon,direct_dye,,,,,global,active,Keune Haircosmetics
Keune::Ultimate Blonde::global,Keune,Ultimate Blonde,mixed_system,,,,,global,active,Keune Haircosmetics
Alfaparf Milano Professional::Evolution of the Color::US,Alfaparf Milano Professional,Evolution of the Color,permanent,,,,,US,active,Alfaparf Group (Beauty & Business S.p.A.)
Alfaparf Milano Professional::Evolution of the Color Shine Effect::global,Alfaparf Milano Professional,Evolution of the Color Shine Effect,permanent,,,,,global,active,Alfaparf Group (Beauty & Business S.p.A.)
Alfaparf Milano Professional::Color Wear::US,Alfaparf Milano Professional,Color Wear,demi,,,,,US,active,Alfaparf Group (Beauty & Business S.p.A.)
Alfaparf Milano Professional::Color Wear Gloss Toner::US,Alfaparf Milano Professional,Color Wear Gloss Toner,toner,,,,,US,active,Alfaparf Group (Beauty & Business S.p.A.)
Alfaparf Milano Professional::Pigments::US,Alfaparf Milano Professional,Pigments,mixed_system,,,,,US,active,Alfaparf Group (Beauty & Business S.p.A.)
Alfaparf Milano Professional::rEvolution::US,Alfaparf Milano Professional,rEvolution (rEvolution JC),direct_dye,,,,,US,active,Alfaparf Group (Beauty & Business S.p.A.)
Alfaparf Milano Professional::BB Bleach::US,Alfaparf Milano Professional,BB Bleach,lightener,,,,,US,active,Alfaparf Group (Beauty & Business S.p.A.)
Aveda::Full Spectrum Permanent::US,Aveda,Full Spectrum Permanent,permanent,1:1,,,"{""mixing_ratio"": ""1:1"", ""developer_volume"": null, ""processing_time_minutes"": null, ""raw"": {""default_mixing_ratio"": [""aveda_natural_intense_mix_process: \""1:1\""""], ""developer_options"": [""aveda_natural_intense_mix_process: {\""mixing_ratio\"": \""1:1\"", \""developer_by_lift\"": [{\""lift_levels\"": 4, \""developer_volume\"": 40, \""processing_time_min\"": 45}, {\""lift_levels\"": 3, \""developer_volume\"": 30, \""processing_time_min\"": 40}, {\""lift_levels\"": 2, \""developer_volume\"": 20, \""processing_time_min\"": 30}, {\""lift_levels\"": 1, \""developer_volume\"": 10, \""processing_time_min\"": 20}, {\""lift_levels\"": \""0-1\"", \""developer_volume\"": 5, \""processing_time_min\"": 20}]}""], ""developer_strengths_if_stated"": null, ""processing_time_ranges"": null}}",US,active,The Estée Lauder Companies
Aveda::Full Spectrum Deep::US,Aveda,Full Spectrum Deep,permanent,,,,,US,active,The Estée Lauder Companies
Aveda::Full Spectrum Demi+::US,Aveda,Full Spectrum Demi+,demi,,,,,US,active,The Estée Lauder Companies
Aveda::Full Spectrum Vibrants::US,Aveda,Full Spectrum Vibrants,semi,,,,,US,active,The Estée Lauder Companies
Aveda::Enlightenment Blonding (Enlightener)::US,Aveda,Enlightenment Blonding (Enlightener),mixed_system,,,,,US,active,The Estée Lauder Companies
L'Oréal Professionnel::Majirel::US,L'Oréal Professionnel,Majirel,permanent,1:1.5,20,35,"{""mixing_ratio"": ""1:1.5"", ""developer_volume"": 20, ""processing_time_minutes"": 35, ""raw"": {""default_mixing_ratio"": ""1:1.5"", ""developer_options"": [""Majicrème Developer""], ""developer_strengths_if_stated"": [""12.5-vol (3.75%)"", ""20-vol (6%)"", ""30-vol (9%)"", ""40-vol (12%) maximum""], ""processing_time_ranges"": [""35 minutes (Majirel / Majirel Cool Cover / Majirel Cool Inforced / Majirouge — printed as 'Development time: 35 minutes')"", ""50 minutes (Majirel High-Lift only — printed as 'Development time: 50 minutes' on 07/23 chart)""]}}",US,active,L'Oréal Groupe
L'Oréal Professionnel::Majirel High Lift::US,L'Oréal Professionnel,Majirel High Lift,permanent,,,,,US,active,L'Oréal Groupe
L'Oréal Professionnel::Majirel Cool Cover::US,L'Oréal Professionnel,Majirel Cool Cover,permanent,,,,,US,active,L'Oréal Groupe
L'Oréal Professionnel::iNOA::US,L'Oréal Professionnel,iNOA,permanent,,,,,US,active,L'Oréal Groupe
L'Oréal Professionnel::Dia Light::US,L'Oréal Professionnel,Dia Light,demi,1:1.5,6,11,"{""mixing_ratio"": ""1:1.5"", ""developer_volume"": 6, ""processing_time_minutes"": 11, ""raw"": {""default_mixing_ratio"": ""1:1.5"", ""developer_options"": [""Diactivateur Developer"", ""loreal_dia_refreshing_technique: {\""use_matching_dia_light_if\"": [\""INOA regrowth\"", \""LUO regrowth\""], \""use_dia_richesse_if\"": [\""Majirel regrowth\""], \""apply_to\"": \""faded mid-lengths and ends 20 minutes before end of permanent color development\"", \""diactivateur_options\"": {\""minimum_fading\"": \""warm lighter target shade with 6-vol\"", \""moderate_fading\"": \""warm target shade same level with 6-vol\"", \""maximum_fading\"": \""warm target shade same level with 9-vol\""}}""], ""developer_strengths_if_stated"": [""6-vol (1.8%)"", ""9-vol (2.7%)""], ""processing_time_ranges"": [""Flexible processing time: 2 to 20 minutes""]}}",US,active,L'Oréal Groupe
L'Oréal Professionnel::Dia Color::US,L'Oréal Professionnel,Dia Color,demi,,,,,US,active,L'Oréal Groupe
L'Oréal Professionnel::Dia Richesse::global,L'Oréal Professionnel,Dia Richesse,demi,,,,"{""mixing_ratio"": null, ""developer_volume"": null, ""processing_time_minutes"": null, ""raw"": {""default_mixing_ratio"": null, ""developer_options"": null, ""developer_strengths_if_stated"": null, ""processing_time_ranges"": null}}",global,unclear,L'Oréal Groupe
L'Oréal Professionnel::Blond Studio::US,L'Oréal Professionnel,Blond Studio,lightener,,,,,US,active,L'Oréal Groupe
L'Oréal Professionnel::Colorful Hair::global,L'Oréal Professionnel,Colorful Hair (#COLORFULHAIR),direct_dye,,,,,global,unclear,L'Oréal Groupe
Rusk::Deepshine Permanent (Pure Pigments)::US,Rusk,Deepshine Permanent Pure Pigments Conditioning Cream Color,permanent,,,,,US,active,Beauty Quest Group
Rusk::Deepshine Gloss::US,Rusk,Deepshine Gloss,demi,,,,,US,active,Beauty Quest Group
Rusk::Deepshine Xpress Gloss::US,Rusk,Deepshine Xpress Gloss,demi,,,,,US,active,Beauty Quest Group
Rusk::RUSKin10::US,Rusk,RUSKin10 (RUSK IN 10),permanent,,,,,US,active,Beauty Quest Group
Rusk::Deepshine Direct::US,Rusk,Deepshine Direct,direct_dye,,,,,US,active,Beauty Quest Group
Rusk::Deepshine Lighteners::US,Rusk,Deepshine Lighteners,lightener,,,,,US,active,Beauty Quest Group
Moroccanoil Professional::Color Rhapsody::US,Moroccanoil Professional,Color Rhapsody Permanent Cream Color,permanent,1:1,,,"{""mixing_ratio"": ""1:1"", ""developer_volume"": null, ""processing_time_minutes"": null, ""raw"": {""default_mixing_ratio"": [""moroccanoil_rhapsody_perm_mix_process: \""1:1\""""], ""developer_options"": [""moroccanoil_rhapsody_perm_mix_process: {\""mixing_ratio\"": \""1:1\"", \""developer_volumes\"": [5, 10, 20, 30, 40], \""processing_time_min_without_heat\"": [35, 45], \""processing_time_min_with_heat\"": [15, 25], \""gray_coverage_pct_max\"": 100}""], ""developer_strengths_if_stated"": null, ""processing_time_ranges"": null}}",US,active,"Moroccanoil, Inc."
Moroccanoil Professional::Color Calypso::US,Moroccanoil Professional,Color Calypso Demi-Permanent (Gloss & Cream),demi,1:1,,,"{""mixing_ratio"": ""1:1"", ""developer_volume"": null, ""processing_time_minutes"": null, ""raw"": {""default_mixing_ratio"": [""moroccanoil_calypso_gloss_mix_process: \""1:1\"""", ""moroccanoil_calypso_cream_mix_process: \""1:2\""""], ""developer_options"": [""moroccanoil_calypso_gloss_mix_process: {\""mixing_ratio\"": \""1:1\"", \""developer\"": \""Color Calypso Demi-Permanent Gloss Activator\"", \""processing_time_min_without_heat\"": 20, \""processing_time_min_with_heat\"": 15, \""gray_blending_pct_max\"": 60}"", ""moroccanoil_calypso_cream_mix_process: {\""mixing_ratio\"": \""1:2\"", \""developer_volumes\"": [5, 15], \""processing_time_min_without_heat\"": 25, \""processing_time_min_with_heat\"": 20, \""gray_blending_pct_max\"": 60}""], ""developer_strengths_if_stated"": null, ""processing_time_ranges"": null}}",US,active,"Moroccanoil, Inc."
Moroccanoil Professional::Color Infusion::US,Moroccanoil Professional,Color Infusion Pure Color Mixer,mixed_system,,,,,US,active,"Moroccanoil, Inc."
Moroccanoil Professional::Blonde Voyage Lighteners::US,Moroccanoil Professional,"Blonde Voyage Lighteners (Powder, Clay, Cream)",lightener,,,,,US,active,"Moroccanoil, Inc."
Moroccanoil::Color Depositing Masks::US,Moroccanoil,Color Depositing Masks,semi,,,,,US,active,"Moroccanoil, Inc."
Danger Jones::Semi-Permanent Color::US,Danger Jones,Semi-Permanent Hair Color,semi,,,,,US,active,
Danger Jones::Gloss Toner with Bonder::US,Danger Jones,Gloss Toner with Bonder,toner,,,,,US,active,
Danger Jones::Artistic Toners::US,Danger Jones,Artistic Toners,toner,,,,,US,active,
Danger Jones::Lighteners::US,Danger Jones,Powder Lightener & Cream Lightener (with Bonding Complex),lightener,,,,,US,active,
Danger Jones::Epilogue::US,Danger Jones,Epilogue Permanent Hair Color,permanent,,,,,US,active,
Guy Tang #mydentity::Permanent Haircolor::US,Guy Tang #mydentity,Permanent Haircolor,permanent,,,,,US,active,Henkel Corporation
Guy Tang #mydentity::Demi-Permanent Haircolor::US,Guy Tang #mydentity,Demi-Permanent Haircolor,demi,,,,,US,active,Henkel Corporation
Guy Tang #mydentity::Demi-Permanent X-Press Toners::US,Guy Tang #mydentity,Demi-Permanent X-Press Toners,toner,,,,,US,active,Henkel Corporation
Guy Tang #mydentity::Reflect Liquid Demi-Permanent::US,Guy Tang #mydentity,Reflect Liquid Demi-Permanent,demi,,,,,US,active,Henkel Corporation
Guy Tang #mydentity::Super Power Direct Dye::US,Guy Tang #mydentity,Super Power Direct Dye,direct_dye,,,,,US,active,Henkel Corporation
Guy Tang #mydentity::Direct Dye Vibrant Pastel::US,Guy Tang #mydentity,Direct Dye Vibrant / Pastel,direct_dye,,,,,US,active,Henkel Corporation
Guy Tang #mydentity::Big9 Creme Lightener::US,Guy Tang #mydentity,Big9 Creme Lightener,lightener,,,,,US,active,Henkel Corporation
Guy Tang #mydentity::#Magnum8 Powder Lightener::US,Guy Tang #mydentity,#Magnum8 Powder Lightener,lightener,,,,,US,active,Henkel Corporation
Redken::Cover Fusion::US,Redken,Cover Fusion,,,,,"{""mixing_ratio"": null, ""developer_volume"": null, ""processing_time_minutes"": null, ""raw"": {""default_mixing_ratio"": null, ""developer_options"": null, ""developer_strengths_if_stated"": null, ""processing_time_ranges"": null}}",US,,L'Oréal USA
Redken::Color Gels Oils::US,Redken,Color Gels Oils,,1:1,,,"{""mixing_ratio"": ""1:1"", ""developer_volume"": null, ""processing_time_minutes"": null, ""raw"": {""default_mixing_ratio"": [""redken_color_gels_oils_mix_process: \""1:1\""""], ""developer_options"": [""redken_color_gels_oils_mix_process: {\""mixing_ratio\"": \""1:1\"", \""developer_options\"": [{\""volume\"": 10, \""max_lift_levels\"": 1, \""processing_time_min\"": 20}, {\""volume\"": 20, \""max_lift_levels\"": 2, \""processing_time_min\"": 30}, {\""volume\"": 30, \""max_lift_levels\"": 3, \""processing_time_min\"": 40}, {\""volume\"": 40, \""max_lift_levels\"": 3, \""processing_time_min\"": 45}], \""heat\"": false}""], ""developer_strengths_if_stated"": null, ""processing_time_ranges"": null}}",US,,L'Oréal USA
Redken::Color Gels 10 Minute::US,Redken,Color Gels 10 Minute,,1:1,,,"{""mixing_ratio"": ""1:1"", ""developer_volume"": null, ""processing_time_minutes"": null, ""raw"": {""default_mixing_ratio"": [""redken_color_gels_10_minute: \""1:1\""""], ""developer_options"": [""redken_color_gels_10_minute: {\""mixing_ratio\"": \""1:1\"", \""developer_options\"": [{\""volume\"": 20, \""usage\"": \""minimal_lift_gray_coverage\""}, {\""volume\"": 30, \""usage\"": \""minimal_lift_gray_blending\""}], \""processing_time_min\"": [10, 15], \""heat\"": false}""], ""developer_strengths_if_stated"": null, ""processing_time_ranges"": [""redken_color_gels_10_minute: [10, 15]""]}}",US,,L'Oréal USA
