package_rule_id,scope_level,canonical_key,rule_name,rule_priority,rule_category,evidence_status,rule_condition_json,rule_action_json,is_dormant
U001,universal,,patch_test_fail_blocks_service,10,safety,educator_reported,"{""all_of"": [{""field"": ""patch_test_status"", ""op"": ""="", ""value"": ""failed""}]}","{""set_recommendation_status"": ""blocked"", ""block_reason"": ""Patch test failed; do not proceed with color service.""}",false
U002,universal,,gray_coverage_high_natural_mix,50,gray_coverage,educator_reported,"{""all_of"": [{""field"": ""gray_percentage"", ""op"": "">"", ""value"": 50}, {""field"": ""natural_level"", ""op"": ""<="", ""value"": 6}]}","{""set_developer_volume"": 20, ""require_natural_shade_mix"": true, ""natural_shade_ratio"": 0.5}",false
U003,universal,,high_porosity_reduce_developer_time,60,porosity,educator_reported,"{""any_of"": [{""field"": ""porosity"", ""op"": "">"", ""value"": 7}]}","{""adjust_developer_volume_delta"": -10, ""adjust_processing_time_minutes"": -5}",false
U004,universal,,lift_over_four_prelighten_consult,40,lift,educator_reported,"{""all_of"": [{""field"": ""lift_levels"", ""op"": "">"", ""value"": 4}]}","{""trigger_workflow"": ""pre_lightening_consultation"", ""risk_modifier"": {""unrealistic_expectation"": 0.3}}",false
U005,universal,,artificial_color_lighter_correction,45,correction,inferred,"{""all_of"": [{""field"": ""existing_artificial_color"", ""op"": ""exists"", ""value"": true}, {""field"": ""desired_level"", ""op"": "">"", ""value"": ""existing_level""}]}","{""trigger_workflow"": ""color_correction"", ""risk_modifier"": {""overlap"": 0.25}}",false
U006,universal,,color_does_not_lift_color,35,color_science,educator_reported,"{""all_of"": [{""field"": ""existing_artificial_color"", ""op"": ""exists"", ""value"": true}, {""field"": ""lift_levels"", ""op"": "">"", ""value"": 0}, {""field"": ""pre_lightened"", ""op"": ""!="", ""value"": true}]}","{""set_recommendation_status"": ""requires_consultation"", ""warning"": ""Permanent color cannot reliably lift artificial color; pre-lighten or corrective path required."", ""trigger_workflow"": ""color_correction""}",false
U007,universal,,fine_texture_high_lift_breakage_risk,70,lift,educator_reported,"{""all_of"": [{""field"": ""texture"", ""op"": ""="", ""value"": ""fine""}, {""field"": ""lift_levels"", ""op"": "">="", ""value"": 3}]}","{""increase_risk_score"": {""breakage"": 0.35}}",false
U008,universal,,underlying_pigment_neutralization_warning,55,color_science,educator_reported,"{""all_of"": [{""field"": ""lift_levels"", ""op"": "">="", ""value"": 2}]}","{""warning"": ""Lift exposes underlying warm pigment; select complementary neutralizing tone."", ""lookup"": ""underlying_pigment_default_map""}",false
U009,universal,,direct_dye_no_developer,25,product_type,manufacturer_stated,"{""all_of"": [{""field"": ""line_category"", ""op"": ""="", ""value"": ""direct_dye""}]}","{""set_developer_volume"": null, ""mixing_ratio"": ""direct_application"", ""warning"": ""Direct dye / semi-permanent — no developer mixed.""}",false
U010,universal,,refresh_restricted_high_porosity,65,porosity,educator_reported,"{""all_of"": [{""field"": ""service_intent"", ""op"": ""="", ""value"": ""gloss_refresh""}, {""field"": ""porosity"", ""op"": "">"", ""value"": 7}]}","{""set_recommendation_status"": ""caution"", ""adjust_processing_time_minutes"": -5, ""warning"": ""High porosity — shorten refresh time; monitor absorption.""}",false
U011,universal,,overlap_application_risk,75,application,educator_reported,"{""all_of"": [{""field"": ""service_intent"", ""op"": ""in"", ""value"": [""gray_coverage"", ""lift_and_tone""]}, {""field"": ""existing_artificial_color"", ""op"": ""exists"", ""value"": true}]}","{""risk_modifier"": {""overlap"": 0.2}}",false
U012,universal,,universal_default_developer,1,developer,inferred,"{""all_of"": [{""field"": ""service_intent"", ""op"": ""exists"", ""value"": true}]}","{""set_developer_volume"": 10}",false
U013,universal,,gray_coverage_default_20vol,48,gray_coverage,educator_reported,"{""all_of"": [{""field"": ""gray_percentage"", ""op"": "">="", ""value"": 50}, {""field"": ""deposit_levels"", ""op"": ""="", ""value"": 0}]}","{""set_developer_volume"": 20, ""warning"": ""Gray coverage 50%+ — default 20 vol unless a line-specific override applies.""}",false
U014,universal,,darken_deposit_only_developer,52,deposit,educator_reported,"{""all_of"": [{""field"": ""deposit_levels"", ""op"": "">="", ""value"": 1}]}","{""set_developer_volume"": 10, ""warning"": ""Darkening service — deposit-only developer (10 vol permanent; demi lines may use 5–6 vol).""}",false
U015,universal,,multi_level_darken_fill_pigment,36,deposit,educator_reported,"{""all_of"": [{""field"": ""deposit_levels"", ""op"": "">="", ""value"": 2}]}","{""require_fill_pigment"": true, ""trigger_workflow"": ""repigmentation_fill"", ""warning"": ""Multi-level darkening requires warm fill pigments (yellow → orange → red-orange) before final base + tone.""}",false
U016,universal,,lift_one_level_developer_20vol,45,developer_selection,,"{""all_of"": [{""field"": ""lift_levels"", ""op"": ""="", ""value"": 1}]}","{""set_developer_volume"": 20, ""lock_developer_volume"": true}",false
U017,universal,,lift_two_levels_developer_30vol,46,developer_selection,,"{""all_of"": [{""field"": ""lift_levels"", ""op"": ""="", ""value"": 2}]}","{""set_developer_volume"": 30, ""lock_developer_volume"": true}",false
U018,universal,,lift_three_plus_levels_developer_40vol,47,developer_selection,,"{""all_of"": [{""field"": ""lift_levels"", ""op"": "">="", ""value"": 3}]}","{""set_developer_volume"": 40, ""lock_developer_volume"": true}",false
M_SOCOLOR_001,line,Matrix::SoColor::US,matrix_socolor_resistant_gray_20vol,55,gray_coverage,manufacturer_stated,"{""all_of"": [{""field"": ""gray_percentage"", ""op"": "">="", ""value"": 50}]}","{""set_developer_volume"": 30, ""add_step"": {""zone"": ""root"", ""processing_time_adjustment"": ""+10min""}}",false
M_SOCOLOR_002,line,Matrix::SoColor::US,matrix_socolor_hd_not_mixable,30,intermixing,manufacturer_stated,"{""all_of"": [{""field"": ""selected_sub_ranges"", ""op"": ""contains"", ""value"": ""HD""}]}","{""set_recommendation_status"": ""blocked"", ""block_reason"": ""HD Series not mixable with other SoColor shades.""}",false
M_SOCOLOR_003,line,Matrix::SoColor::US,matrix_socolor_extra_coverage_gray_20vol,56,gray_coverage,manufacturer_stated,"{""all_of"": [{""field"": ""gray_percentage"", ""op"": "">="", ""value"": 50}, {""field"": ""selected_sub_ranges"", ""op"": ""contains"", ""value"": ""Extra Coverage""}]}","{""set_developer_volume"": 20, ""require_natural_shade_mix"": true, ""natural_shade_ratio"": 0.5, ""warning"": ""Extra Coverage collection: 20 vol per manufacturer chart for resistant gray.""}",false
M_SOCOLOR_004,line,Matrix::SoColor::US,matrix_socolor_dreamage_gray_20vol,56,gray_coverage,manufacturer_stated,"{""all_of"": [{""field"": ""gray_percentage"", ""op"": "">="", ""value"": 50}, {""field"": ""selected_sub_ranges"", ""op"": ""contains"", ""value"": ""DreamAge""}]}","{""set_developer_volume"": 20, ""warning"": ""DreamAge gray coverage: 20 vol per line technical chart.""}",false
M_SOCOLOR_001_1,line,Matrix::SoColor::US,matrix_hair_diversity_underlying_pigment_levels,46,color_science,manufacturer_stated,"{""all_of"": [{""field"": ""seed_brand"", ""op"": ""="", ""value"": ""Matrix""}]}","{""seed_rule_name"": ""matrix_hair_diversity_underlying_pigment_levels"", ""seed_rule_category"": ""color_science"", ""manufacturer_rule_action"": {""levels"": {""1"": ""dark red brown"", ""2"": ""red brown"", ""3"": ""dark red"", ""4"": ""red"", ""5"": ""red orange"", ""6"": ""dark orange"", ""7"": ""orange"", ""8"": ""dark yellow"", ""9"": ""yellow"", ""10"": ""pale yellow"", ""11"": ""palest yellow""}, ""diameters"": [""fine"", ""medium"", ""coarse""], ""patterns"": [""1A"", ""1B"", ""1C"", ""2A"", ""2B"", ""2C"", ""3A"", ""3B"", ""3C"", ""4A"", ""4B"", ""4C""]}, ""warning"": ""Apply per manufacturer chart: matrix_hair_diversity_underlying_pigment_levels""}",false
M_SOCOLOR_002_1,line,Matrix::SoColor::US,matrix_developer_lift_rule_by_volume,47,deposit,manufacturer_stated,"{""all_of"": [{""field"": ""seed_brand"", ""op"": ""="", ""value"": ""Matrix""}, {""field"": ""seed_service"", ""op"": ""="", ""value"": ""lightening/lift deposit""}]}","{""seed_rule_name"": ""matrix_developer_lift_rule_by_volume"", ""seed_rule_category"": ""developer"", ""manufacturer_rule_action"": {""10_volume"": ""up to 1 level"", ""20_volume"": ""up to 2 levels"", ""30_volume"": ""up to 3 levels"", ""40_volume"": ""up to 4 levels"", ""general_rule"": ""when lifting beyond one level, every 10 Volume achieves up to one level of lift""}, ""warning"": ""Apply per manufacturer chart: matrix_developer_lift_rule_by_volume""}",false
M_SOCOLOR_003_1,line,Matrix::SoColor::US,matrix_socolor_standard_usage,48,application,manufacturer_stated,"{""all_of"": [{""field"": ""seed_line"", ""op"": ""="", ""value"": ""SoColor Pre-Bonded""}]}","{""seed_rule_name"": ""matrix_socolor_standard_usage"", ""seed_rule_category"": ""processing"", ""manufacturer_rule_action"": {""mixing_ratio"": ""1:1"", ""processing_time_min"": [30, 45], ""process_45_when"": [""lifting more than 1 level"", ""depositing on gray"", ""maximum deposit""], ""application"": ""clean dry hair""}, ""warning"": ""Apply per manufacturer chart: matrix_socolor_standard_usage""}",false
M_SOCOLOR_004_1,line,Matrix::SoColor::US,matrix_socolor_refresh_restrictions,49,deposit,manufacturer_stated,"{""all_of"": [{""field"": ""seed_line"", ""op"": ""="", ""value"": ""SoColor Pre-Bonded""}, {""field"": ""seed_service"", ""op"": ""="", ""value"": ""retouch_refresh""}]}","{""seed_rule_name"": ""matrix_socolor_refresh_restrictions"", ""seed_rule_category"": ""intermixing"", ""manufacturer_rule_action"": {""do_not_refresh_with_socolor_if"": [""base formula uses 20 volume or higher"", ""high porosity"", ""Extra Coverage series"", ""DreamAge series"", ""UL series"", ""maximum neutralization needed""]}, ""warning"": ""Apply per manufacturer chart: matrix_socolor_refresh_restrictions""}",false
M_SOCOLOR_005,line,Matrix::SoColor::US,matrix_socolor_lift_by_palette,50,lift,manufacturer_stated,"{""all_of"": [{""field"": ""seed_line"", ""op"": ""="", ""value"": ""SoColor Pre-Bonded""}]}","{""seed_rule_name"": ""matrix_socolor_lift_by_palette"", ""seed_rule_category"": ""lift"", ""manufacturer_rule_action"": {""extra_coverage"": ""up to 2 levels"", ""blended"": ""up to 4 levels"", ""reflect"": ""up to 4 levels"", ""ultra_blondes"": ""up to 5 levels"", ""hd_reds"": ""up to 4 levels"", ""power_cools"": ""up to 4 levels"", ""dream_age"": ""up to 2 levels""}, ""warning"": ""Apply per manufacturer chart: matrix_socolor_lift_by_palette""}",false
M_SYNC_001,line,Matrix::SoColor Sync::US,sync_gray_blend_not_full_cover,50,gray_coverage,manufacturer_stated,"{""all_of"": [{""field"": ""gray_percentage"", ""op"": "">="", ""value"": 80}]}","{""set_recommendation_status"": ""blocked"", ""block_reason"": ""SoColor Sync is for gray blending; full cover at 80%+ gray prohibited.""}",false
M_SYNC_002,line,Matrix::SoColor Sync::US,sync_pre_paired_with_socolor,80,application,manufacturer_stated,"{""all_of"": [{""field"": ""service_intent"", ""op"": ""="", ""value"": ""gloss_refresh""}]}","{""warning"": ""Sync is pre-paired with SoColor permanent for root-to-ends services.""}",false
M_SOCOLOR__001,line,Matrix::SoColor Sync::US,matrix_socolor_sync_usage,46,application,manufacturer_stated,"{""all_of"": [{""field"": ""seed_line"", ""op"": ""="", ""value"": ""SoColor Sync Pre-Bonded""}]}","{""seed_rule_name"": ""matrix_socolor_sync_usage"", ""seed_rule_category"": ""processing"", ""manufacturer_rule_action"": {""mixing_ratio"": ""1:1"", ""developer"": ""10 Volume Matrix Cream Developer"", ""processing_time_min"": 20, ""application"": ""clean dry hair"", ""porous_hair"": ""lightly mist Instacure on mids and ends before blending through""}, ""warning"": ""Apply per manufacturer chart: matrix_socolor_sync_usage""}",false
M_SOCOLOR__002,line,Matrix::SoColor Sync::US,matrix_clear_dilution_rule,47,deposit,manufacturer_stated,"{""all_of"": [{""field"": ""seed_line"", ""op"": ""="", ""value"": [""SoColor Sync Pre-Bonded"", ""Tonal Control Pre-Bonded""]}, {""field"": ""seed_modifier"", ""op"": ""="", ""value"": [""Clear"", ""Totally Transparent""]}]}","{""seed_rule_name"": ""matrix_clear_dilution_rule"", ""seed_rule_category"": ""intermixing"", ""manufacturer_rule_action"": {""effect"": ""adding equal amount of Clear/Totally Transparent lessens color deposit by approximately one level"", ""processing_time_min"": ""up to 20""}, ""warning"": ""Apply per manufacturer chart: matrix_clear_dilution_rule""}",false
M_COIL_001,line,Matrix::Coil Color::US,coil_gray_natural_ratio,45,gray_coverage,manufacturer_stated,"{""all_of"": [{""field"": ""gray_percentage"", ""op"": "">"", ""value"": 30}]}","{""require_natural_shade_mix"": true, ""natural_shade_ratio"": 0.6, ""warning"": ""Coil Color gray coverage requires elevated natural-series ratio.""}",false
M_COIL_COL_001,line,Matrix::Coil Color::US,matrix_coil_color_usage,46,application,manufacturer_stated,"{""all_of"": [{""field"": ""seed_line"", ""op"": ""="", ""value"": ""Coil Color""}]}","{""seed_rule_name"": ""matrix_coil_color_usage"", ""seed_rule_category"": ""processing"", ""manufacturer_rule_action"": {""mixing_ratio"": ""1:1"", ""developer_options"": [""20 volume"", ""30 volume""], ""processing_time_min"": 35, ""application"": ""clean dry hair"", ""porous_hair"": ""lightly mist Instacure on mids and ends before first pull-through only""}, ""warning"": ""Apply per manufacturer chart: matrix_coil_color_usage""}",false
M_SSYNC_001,line,Matrix::Super Sync::US,supersync_tint_back,50,application,inferred,"{""all_of"": [{""field"": ""service_intent"", ""op"": ""="", ""value"": ""tone_deposit""}, {""field"": ""pre_lightened"", ""op"": ""="", ""value"": true}]}","{""trigger_workflow"": ""WF_retouch_with_refresh"", ""warning"": ""Super Sync tint-back on pre-lightened hair — monitor porosity.""}",false
M_SSYNC_002,line,Matrix::Super Sync::US,supersync_hd_mix_block,30,intermixing,inferred,"{""all_of"": [{""field"": ""selected_sub_ranges"", ""op"": ""contains"", ""value"": ""HD""}]}","{""set_recommendation_status"": ""blocked"", ""block_reason"": ""Super Sync HD shades cannot be intermixed with standard Sync shades.""}",false
M_TC_001,line,Matrix::Tonal Control::US,tonal_control_prelightened_only,40,application,manufacturer_stated,"{""all_of"": [{""field"": ""pre_lightened"", ""op"": ""!="", ""value"": true}]}","{""set_recommendation_status"": ""blocked"", ""block_reason"": ""Tonal Control is for pre-lightened or highlighted hair only.""}",false
M_TONAL_CO_001,line,Matrix::Tonal Control::US,matrix_tonal_control_usage,46,application,manufacturer_stated,"{""all_of"": [{""field"": ""seed_line"", ""op"": ""="", ""value"": ""Tonal Control Pre-Bonded""}]}","{""seed_rule_name"": ""matrix_tonal_control_usage"", ""seed_rule_category"": ""processing"", ""manufacturer_rule_action"": {""mixing_ratio"": ""1:1"", ""developer"": ""10 Volume Matrix Cream Developer"", ""processing_time_min"": 20, ""application"": ""dry or damp towel-dried hair"", ""no_base_shift"": true}, ""warning"": ""Apply per manufacturer chart: matrix_tonal_control_usage""}",false
R_CGL_001,line,Redken::Color Gels Lacquers::US,cgl_resistant_gray_30vol,55,gray_coverage,manufacturer_stated,"{""all_of"": [{""field"": ""gray_percentage"", ""op"": "">="", ""value"": 50}]}","{""set_developer_volume"": 30, ""require_natural_shade_mix"": true, ""natural_shade_ratio"": 0.5}",false
R_SEQ_001,line,Redken::Shades EQ Gloss::US,seq_no_lift_deposit,35,lift,manufacturer_stated,"{""all_of"": [{""field"": ""lift_levels"", ""op"": "">"", ""value"": 0}]}","{""set_recommendation_status"": ""blocked"", ""block_reason"": ""Shades EQ is no-lift demi-gloss; cannot lighten natural pigment.""}",false
R_SEQ_002,line,Redken::Shades EQ Gloss::US,seq_gray_blend_processing,60,gray_coverage,manufacturer_stated,"{""all_of"": [{""field"": ""gray_percentage"", ""op"": "">"", ""value"": 0}]}","{""adjust_processing_time_minutes"": 5, ""warning"": ""Gray blending may require capped heat processing per chart.""}",false
R_SEQ_003,line,Redken::Shades EQ Gloss::US,seq_darken_acidic_deposit_dev,54,deposit,manufacturer_stated,"{""all_of"": [{""field"": ""deposit_levels"", ""op"": "">="", ""value"": 1}]}","{""set_developer_volume"": 5, ""warning"": ""Shades EQ acidic demi — deposit-only at 5 vol equivalent; no lift when darkening.""}",false
W_CT_001,line,Wella Professionals::Color Touch::US,colortouch_soft_blend,65,gray_coverage,manufacturer_stated,"{""all_of"": [{""field"": ""gray_percentage"", ""op"": "">"", ""value"": 0}, {""field"": ""gray_percentage"", ""op"": ""<"", ""value"": 50}]}","{""warning"": ""Color Touch soft blend path for low gray; not full coverage."", ""set_developer_volume"": 6}",false
W_CT_002,line,Wella Professionals::Color Touch::US,colortouch_darken_deposit_dev,54,deposit,manufacturer_stated,"{""all_of"": [{""field"": ""deposit_levels"", ""op"": "">="", ""value"": 1}]}","{""set_developer_volume"": 6, ""warning"": ""Color Touch demi deposit when darkening — 6 vol (1.9%) processing solution.""}",false
W_COLOR_TO_001,line,Wella Professionals::Color Touch::US,wella_color_touch_standard_emulsion,46,deposit,manufacturer_stated,"{""all_of"": [{""field"": ""seed_line"", ""op"": ""="", ""value"": ""Color Touch""}]}","{""seed_rule_name"": ""wella_color_touch_standard_emulsion"", ""seed_rule_category"": ""developer"", ""manufacturer_rule_action"": {""emulsion_options"": [""1.9%"", ""4%""], ""mixing_ratio"": ""1:2 color:emulsion""}, ""warning"": ""Apply per manufacturer chart: wella_color_touch_standard_emulsion""}",false
W_COLOR_TO_002,line,Wella Professionals::Color Touch::US,wella_color_touch_plus_requires_4_percent,47,deposit,manufacturer_stated,"{""all_of"": [{""field"": ""seed_line"", ""op"": ""="", ""value"": ""Color Touch Plus""}]}","{""seed_rule_name"": ""wella_color_touch_plus_requires_4_percent"", ""seed_rule_category"": ""developer"", ""manufacturer_rule_action"": {""required_emulsion"": ""Color Touch Plus 4% Emulsion""}, ""warning"": ""Apply per manufacturer chart: wella_color_touch_plus_requires_4_percent""}",false
W_COLOR_TO_003,line,Wella Professionals::Color Touch::US,wella_color_touch_special_mix_ratio,48,deposit,manufacturer_stated,"{""all_of"": [{""field"": ""seed_line"", ""op"": ""="", ""value"": ""Color Touch Special Mix""}]}","{""seed_rule_name"": ""wella_color_touch_special_mix_ratio"", ""seed_rule_category"": ""intermixing"", ""manufacturer_rule_action"": {""add_intensity_example"": ""20g Color Touch shade + 10g Special Mix + 60g Color Touch Emulsion"", ""emphasis_ratio"": ""1:2 Special Mix:Emulsion"", ""clear_reduces_intensity"": ""10/0 clear tone may reduce color intensity""}, ""warning"": ""Apply per manufacturer chart: wella_color_touch_special_mix_ratio""}",false
W_COLOR_TO_004,line,Wella Professionals::Color Touch::US,wella_color_touch_relights_touch_of_gloss,49,application,manufacturer_stated,"{""all_of"": [{""field"": ""seed_line"", ""op"": ""="", ""value"": ""Color Touch Relights""}, {""field"": ""seed_service"", ""op"": ""="", ""value"": ""touch_of_gloss""}]}","{""seed_rule_name"": ""wella_color_touch_relights_touch_of_gloss"", ""seed_rule_category"": ""processing"", ""manufacturer_rule_action"": {""formula"": ""1 part /00 + 3 parts 1.9% Color Touch Emulsion"", ""processing_time_min"": 5, ""application"": ""pre-shampooed hair""}, ""warning"": ""Apply per manufacturer chart: wella_color_touch_relights_touch_of_gloss""}",false
W_COLOR_TO_005,line,Wella Professionals::Color Touch::US,wella_color_touch_instamatic_processing_and_neutralization,50,application,manufacturer_stated,"{""all_of"": [{""field"": ""seed_line"", ""op"": ""="", ""value"": ""Color Touch Instamatic""}]}","{""seed_rule_name"": ""wella_color_touch_instamatic_processing_and_neutralization"", ""seed_rule_category"": ""processing"", ""manufacturer_rule_action"": {""developer_options"": [""1.9%"", ""4%""], ""processing_time_min"": [5, 20], ""neutralization_examples"": {""orange"": ""Ocean Storm"", ""yellow"": ""Muted Mauve"", ""red"": ""Jaded Mint""}, ""color_id_ratio"": ""10:10:1 Instamatic:Emulsion:Color.id""}, ""warning"": ""Apply per manufacturer chart: wella_color_touch_instamatic_processing_and_neutralization""}",false
W_KP_001,line,Wella Professionals::Koleston Perfect::US,koleston_lift_developer_matrix,50,lift,manufacturer_stated,"{""all_of"": [{""field"": ""lift_levels"", ""op"": ""="", ""value"": 1}]}","{""set_developer_volume"": 20}",false
W_KP_002,line,Wella Professionals::Koleston Perfect::US,koleston_high_lift_consult,40,lift,manufacturer_stated,"{""all_of"": [{""field"": ""lift_levels"", ""op"": "">="", ""value"": 3}]}","{""trigger_workflow"": ""pre_lightening_consultation"", ""set_developer_volume"": 30}",false
W_KP_GRAY_001,line,Wella Professionals::Koleston Perfect::US,koleston_gray_coverage_20vol,55,gray_coverage,manufacturer_stated,"{""all_of"": [{""field"": ""gray_percentage"", ""op"": "">"", ""value"": 0}, {""field"": ""deposit_levels"", ""op"": ""="", ""value"": 0}]}","{""set_developer_volume"": 20, ""require_natural_shade_mix"": true, ""natural_shade_ratio"": 0.33, ""warning"": ""Grey coverage: 6% (20 vol) Welloxon; add Pure Naturals (xx/0) per grey percentage chart.""}",false
W_KP_GRAY_002,line,Wella Professionals::Koleston Perfect::US,koleston_gray_high_natural_ratio,56,gray_coverage,manufacturer_stated,"{""all_of"": [{""field"": ""gray_percentage"", ""op"": "">="", ""value"": 50}]}","{""require_natural_shade_mix"": true, ""natural_shade_ratio"": 0.5, ""adjust_processing_time_minutes"": 5, ""warning"": ""50%+ grey: use 1/2 Pure Naturals; resistant hair use xx/0; max 40 min.""}",false
W_KOLESTON_001,line,Wella Professionals::Koleston Perfect::US,wella_kp_white_hair_pure_naturals_addition,46,gray_coverage,manufacturer_stated,"{""all_of"": [{""field"": ""seed_line"", ""op"": ""="", ""value"": ""Koleston Perfect ME+""}, {""field"": ""seed_white_hair_percentage"", ""op"": ""="", ""value"": "">=30""}]}","{""seed_rule_name"": ""wella_kp_white_hair_pure_naturals_addition"", ""seed_rule_category"": ""gray_coverage"", ""manufacturer_rule_action"": {""white_hair_30_50"": ""add 1/3 Pure Naturals shade"", ""white_hair_50_100"": ""add 1/2 Pure Naturals shade"", ""red_shades_over_50_white"": ""add 1/3 Pure Naturals shade""}, ""warning"": ""Apply per manufacturer chart: wella_kp_white_hair_pure_naturals_addition""}",false
W_KOLESTON_002,line,Wella Professionals::Koleston Perfect::US,wella_kp_standard_processing_times,47,application,manufacturer_stated,"{""all_of"": [{""field"": ""seed_line"", ""op"": ""="", ""value"": ""Koleston Perfect ME+""}, {""field"": ""seed_sub_ranges"", ""op"": ""="", ""value"": [""Pure Naturals"", ""Vibrant Reds"", ""Deep Browns"", ""Special Blondes""]}]}","{""seed_rule_name"": ""wella_kp_standard_processing_times"", ""seed_rule_category"": ""processing"", ""manufacturer_rule_action"": {""standard_without_heat_min"": [30, 40], ""standard_with_heat_min"": [15, 25], ""special_blondes_without_heat_min"": [50, 60], ""special_blondes_with_heat_min"": [25, 35], ""pure_soft_balance_after_development_min"": [5, 10]}, ""warning"": ""Apply per manufacturer chart: wella_kp_standard_processing_times""}",false
W_KOLESTON_003,line,Wella Professionals::Koleston Perfect::US,wella_kp_numbering_and_tone_system,48,color_science,manufacturer_stated,"{""all_of"": [{""field"": ""seed_line"", ""op"": ""="", ""value"": ""Koleston Perfect ME+""}]}","{""seed_rule_name"": ""wella_kp_numbering_and_tone_system"", ""seed_rule_category"": ""color_science"", ""manufacturer_rule_action"": {""depth_range"": ""2/ through 10/"", ""tone_map"": {""/0"": ""natural"", ""/1"": ""ash blue/green"", ""/2"": ""matt green"", ""/3"": ""gold yellow"", ""/4"": ""red warm"", ""/5"": ""mahogany red/violet"", ""/6"": ""violet cool"", ""/7"": ""brown red/yellow/blue"", ""/8"": ""pearl blue"", ""/9"": ""cendre blue/violet""}}, ""warning"": ""Apply per manufacturer chart: wella_kp_numbering_and_tone_system""}",false
GW_TOP_001,line,Goldwell::Topchic::US,topchic_gray_coverage_20vol,55,gray_coverage,manufacturer_stated,"{""all_of"": [{""field"": ""gray_percentage"", ""op"": "">="", ""value"": 50}, {""field"": ""deposit_levels"", ""op"": ""="", ""value"": 0}]}","{""set_developer_volume"": 20, ""require_natural_shade_mix"": true, ""natural_shade_ratio"": 0.33, ""warning"": ""Topchic gray: mix N-/NA-/NN- with fashion shade per white-hair percentage table.""}",false
GW_TOP_002,line,Goldwell::Topchic::US,topchic_gray_high_natural_mix,56,gray_coverage,manufacturer_stated,"{""all_of"": [{""field"": ""gray_percentage"", ""op"": "">="", ""value"": 70}]}","{""require_natural_shade_mix"": true, ""natural_shade_ratio"": 0.5, ""warning"": ""High white hair: increase N-series proportion per Topchic Color Guide.""}",false
SK_IGORA_001,line,Schwarzkopf Professional::IGORA ROYAL::US,igora_royal_gray_20vol,55,gray_coverage,manufacturer_stated,"{""all_of"": [{""field"": ""gray_percentage"", ""op"": "">="", ""value"": 50}, {""field"": ""deposit_levels"", ""op"": ""="", ""value"": 0}]}","{""set_developer_volume"": 20, ""require_natural_shade_mix"": true, ""natural_shade_ratio"": 0.33, ""warning"": ""100% white hair coverage: 6% (20 vol) Oil Developer; add Natural (-0) or Beige (-4) at 2:1 when >50% white.""}",false
SK_IGORA_002,line,Schwarzkopf Professional::IGORA ROYAL::US,igora_absolutes_gray_30vol,56,gray_coverage,manufacturer_stated,"{""all_of"": [{""field"": ""gray_percentage"", ""op"": "">="", ""value"": 50}, {""field"": ""selected_sub_ranges"", ""op"": ""contains"", ""value"": ""ABSOLUTES""}]}","{""set_developer_volume"": 30, ""warning"": ""IGORA ABSOLUTES white-hair coverage: 9% (30 vol) per manufacturer chart.""}",false
SK_IGORA_V5_001,line,Schwarzkopf Professional::IGORA ROYAL::US,igora_royal_natural_standard_use,45,application,manufacturer_stated,"{""all_of"": [{""field"": ""seed_sub_ranges"", ""op"": ""="", ""value"": [""Nature"", ""Cendré"", ""Beige""]}, {""field"": ""seed_tone_codes"", ""op"": ""="", ""value"": [""0"", ""1"", ""4""]}]}","{""seed_rule_name"": ""igora_royal_natural_standard_use"", ""seed_rule_category"": ""processing"", ""manufacturer_rule_action"": {""white_hair_coverage_pct"": 100, ""mixing_ratio"": ""1:1"", ""developer_volumes"": [10, 20, 30], ""processing_time_min"": [30, 45], ""notes"": ""Natural shades cover up to level 9.""}, ""warning"": ""Apply per IGORA ROYAL quick-starter guide: igora_royal_natural_standard_use""}",false
SK_IGORA_V5_002,line,Schwarzkopf Professional::IGORA ROYAL::US,igora_royal_nature_extra_resistant_hair,46,gray_coverage,manufacturer_stated,"{""all_of"": [{""field"": ""seed_sub_range"", ""op"": ""="", ""value"": ""Nature Extra""}, {""field"": ""seed_tone_code"", ""op"": ""="", ""value"": ""00""}]}","{""seed_rule_name"": ""igora_royal_nature_extra_resistant_hair"", ""seed_rule_category"": ""gray_coverage"", ""manufacturer_rule_action"": {""white_hair_coverage_pct"": 100, ""mixing_ratio"": ""1:1"", ""default_developer_volume"": 30, ""processing_time_min"": [30, 45], ""tip"": ""For pure color deposit on more than 90% white hair use 20 vol.""}, ""warning"": ""Apply per IGORA ROYAL quick-starter guide: igora_royal_nature_extra_resistant_hair""}",false
SK_IGORA_V5_003,line,Schwarzkopf Professional::IGORA ROYAL::US,igora_royal_fashion_gray_blending_mix_natural,47,gray_coverage,manufacturer_stated,"{""all_of"": [{""field"": ""seed_sub_ranges"", ""op"": ""="", ""value"": [""Cendré Plus"", ""Gold/Gold Extra"", ""Gold Copper"", ""Chocolate"", ""Chocolate Gold"", ""Chocolate Red"", ""Copper/Copper Extra"", ""Red Extra"", ""Violet Red/Violet Extra""]}, {""field"": ""seed_gray_pct_range"", ""op"": ""="", ""value"": [50, 100]}]}","{""seed_rule_name"": ""igora_royal_fashion_gray_blending_mix_natural"", ""seed_rule_category"": ""gray_coverage"", ""manufacturer_rule_action"": {""white_hair_coverage_pct"": 70, ""mixing_ratio"": ""1:1"", ""coverage_formula"": ""2 parts Fashion Shade : 1 part Natural Shade for 50-100% white hair; fashion shade alone up to 50%; mix 1:1 with natural shade on thick/resistant hair"", ""developer_volumes"": [10, 20, 30], ""processing_time_min"": [30, 45]}, ""warning"": ""Apply per IGORA ROYAL quick-starter guide: igora_royal_fashion_gray_blending_mix_natural""}",false
SK_IGORA_V5_004,line,Schwarzkopf Professional::IGORA ROYAL::US,igora_royal_10_series_ultra_blonde,48,lift,manufacturer_stated,"{""all_of"": [{""field"": ""seed_sub_range"", ""op"": ""="", ""value"": ""Highlift 10-series""}, {""field"": ""seed_starting_level_min"", ""op"": ""="", ""value"": 7}]}","{""seed_rule_name"": ""igora_royal_10_series_ultra_blonde"", ""seed_rule_category"": ""lift"", ""manufacturer_rule_action"": {""max_lift_levels"": 4, ""mixing_ratio"": ""1:1"", ""developer_options"": [{""volume"": 30, ""lift_levels"": 3}, {""volume"": 40, ""lift_levels"": 4}], ""processing_time_min"": [30, 45], ""white_hair_coverage"": false}, ""warning"": ""Apply per IGORA ROYAL quick-starter guide: igora_royal_10_series_ultra_blonde""}",false
SK_IGORA_V5_005,line,Schwarzkopf Professional::IGORA ROYAL::US,igora_royal_12_series_special_blonde,49,lift,manufacturer_stated,"{""all_of"": [{""field"": ""seed_sub_range"", ""op"": ""="", ""value"": ""Highlift 12-series""}, {""field"": ""seed_starting_level_min"", ""op"": ""="", ""value"": 6}]}","{""seed_rule_name"": ""igora_royal_12_series_special_blonde"", ""seed_rule_category"": ""lift"", ""manufacturer_rule_action"": {""max_lift_levels"": 5, ""mixing_ratio"": ""1:2"", ""developer_options"": [{""volume"": 30, ""lift_levels"": 4}, {""volume"": 40, ""lift_levels"": 5}], ""processing_time_min"": [30, 45], ""white_hair_coverage"": false}, ""warning"": ""Apply per IGORA ROYAL quick-starter guide: igora_royal_12_series_special_blonde""}",false
SK_IGORA_V5_006,line,Schwarzkopf Professional::IGORA ROYAL::US,igora_royal_95_series_pastel_toning,50,deposit,manufacturer_stated,"{""all_of"": [{""field"": ""seed_sub_range"", ""op"": ""="", ""value"": ""Pastels""}, {""field"": ""seed_target_level_min"", ""op"": ""="", ""value"": 9}, {""field"": ""seed_hair_state"", ""op"": ""="", ""value"": ""pre_lightened_pale_yellow""}]}","{""seed_rule_name"": ""igora_royal_95_series_pastel_toning"", ""seed_rule_category"": ""toning"", ""manufacturer_rule_action"": {""mixing_ratio"": ""1:1"", ""developer_volume"": 10, ""processing_time_min"": [5, 30], ""process_visually"": true, ""usage"": [""personalization"", ""white refining"", ""neutralization after lightening""]}, ""warning"": ""Apply per IGORA ROYAL quick-starter guide: igora_royal_95_series_pastel_toning""}",false
SK_IGORA_V5_007,line,Schwarzkopf Professional::IGORA ROYAL::US,igora_royal_neutralizer_amount_by_level,51,neutralization,manufacturer_stated,"{""all_of"": [{""field"": ""seed_modifier_codes"", ""op"": ""="", ""value"": [""0-11"", ""0-22"", ""0-33""]}]}","{""seed_rule_name"": ""igora_royal_neutralizer_amount_by_level"", ""seed_rule_category"": ""neutralization"", ""manufacturer_rule_action"": {""amount_by_level"": [{""levels"": [8, 9], ""max_pct_of_color_cream"": 5}, {""levels"": [6, 7], ""max_pct_of_color_cream"": 15}, {""levels"": [1, 2, 3, 4, 5], ""max_pct_of_color_cream"": 25}], ""neutralizes"": {""0-11"": ""yellow"", ""0-22"": ""orange"", ""0-33"": ""red""}, ""increase_developer_proportionally"": true}, ""warning"": ""Apply per IGORA ROYAL quick-starter guide: igora_royal_neutralizer_amount_by_level""}",false
SK_IGORA_V5_008,line,Schwarzkopf Professional::IGORA ROYAL::US,igora_royal_booster_amount,52,deposit,manufacturer_stated,"{""all_of"": [{""field"": ""seed_modifier_codes"", ""op"": ""="", ""value"": [""0-55"", ""0-77"", ""0-88"", ""0-89"", ""0-99""]}]}","{""seed_rule_name"": ""igora_royal_booster_amount"", ""seed_rule_category"": ""tone"", ""manufacturer_rule_action"": {""max_pct_of_color_cream"": 50, ""usage"": ""boost fashion tone directions on all levels"", ""increase_developer_proportionally"": true, ""warning"": ""type and amount of mixtone influence target depth""}, ""warning"": ""Apply per IGORA ROYAL quick-starter guide: igora_royal_booster_amount""}",false
SK_IGORA_V5_009,line,Schwarzkopf Professional::IGORA ROYAL::US,igora_royal_d0_diluter,53,deposit,manufacturer_stated,"{""all_of"": [{""field"": ""seed_modifier_code"", ""op"": ""="", ""value"": ""D-0""}]}","{""seed_rule_name"": ""igora_royal_d0_diluter"", ""seed_rule_category"": ""tone"", ""manufacturer_rule_action"": {""max_pct_of_color_cream"": 50, ""usage"": [""reduce pigment concentration"", ""create soft pastel tones""], ""developer_volume"": 10, ""processing_time_min"": [5, 30], ""can_be_used_with_10vol_for_shine_on_light_bases"": true, ""mixing_ratio_when_pure"": ""1:1""}, ""warning"": ""Apply per IGORA ROYAL quick-starter guide: igora_royal_d0_diluter""}",false
SK_IGORA_V5_010,line,Schwarzkopf Professional::IGORA ROYAL::US,igora_royal_e0_lightening_additive,54,lift,manufacturer_stated,"{""all_of"": [{""field"": ""seed_modifier_code"", ""op"": ""="", ""value"": ""E-0""}, {""field"": ""seed_usage"", ""op"": ""="", ""value"": ""mixed_with_target_shade""}]}","{""seed_rule_name"": ""igora_royal_e0_lightening_additive"", ""seed_rule_category"": ""lift"", ""manufacturer_rule_action"": {""additional_lift_levels"": 1, ""mixing_ratio"": ""2:1 shade:E-0"", ""developer_volumes"": [10, 20, 30], ""processing_time_min"": [30, 45], ""hair_state"": ""virgin_hair""}, ""warning"": ""Apply per IGORA ROYAL quick-starter guide: igora_royal_e0_lightening_additive""}",false
SK_IGORA_V5_011,line,Schwarzkopf Professional::IGORA ROYAL::US,igora_royal_e0_lightening_extract_pure,55,lift,manufacturer_stated,"{""all_of"": [{""field"": ""seed_modifier_code"", ""op"": ""="", ""value"": ""E-0""}, {""field"": ""seed_usage"", ""op"": ""="", ""value"": ""used_pure""}]}","{""seed_rule_name"": ""igora_royal_e0_lightening_extract_pure"", ""seed_rule_category"": ""lift"", ""manufacturer_rule_action"": {""max_lift_levels"": 4, ""mixing_ratio"": ""1:1"", ""developer_volume"": 40, ""processing_time_min"": [30, 45], ""hair_state"": ""virgin_hair""}, ""warning"": ""Apply per IGORA ROYAL quick-starter guide: igora_royal_e0_lightening_extract_pure""}",false
SK_IGORA_V5_012,line,Schwarzkopf Professional::IGORA ROYAL::US,igora_royal_e1_extra_cendre_additive_by_base,56,deposit,manufacturer_stated,"{""all_of"": [{""field"": ""seed_modifier_code"", ""op"": ""="", ""value"": ""E-1""}, {""field"": ""seed_usage"", ""op"": ""="", ""value"": ""mixed_with_target_shade""}]}","{""seed_rule_name"": ""igora_royal_e1_extra_cendre_additive_by_base"", ""seed_rule_category"": ""tone"", ""manufacturer_rule_action"": {""mixing_ratio_by_base"": [{""base_levels"": [8, 7], ""ratio"": ""2:1 shade:E-1""}, {""base_levels"": [6, 5], ""ratio"": ""1:1 shade:E-1""}, {""base_levels"": [1, 2, 3, 4], ""ratio"": ""1:2 shade:E-1""}], ""processing_time_min"": [30, 45], ""usage_note"": ""extra cool tone direction""}, ""warning"": ""Apply per IGORA ROYAL quick-starter guide: igora_royal_e1_extra_cendre_additive_by_base""}",false
SK_IGORA_V5_013,line,Schwarzkopf Professional::IGORA ROYAL::US,igora_royal_e1_extra_cendre_pure,57,deposit,manufacturer_stated,"{""all_of"": [{""field"": ""seed_modifier_code"", ""op"": ""="", ""value"": ""E-1""}, {""field"": ""seed_usage"", ""op"": ""="", ""value"": ""used_pure""}]}","{""seed_rule_name"": ""igora_royal_e1_extra_cendre_pure"", ""seed_rule_category"": ""tone"", ""manufacturer_rule_action"": {""mixing_ratio"": ""1:1"", ""developer_volume"": 10, ""processing_time_min"": [30, 45], ""usage"": ""extra deposit of cool pigments""}, ""warning"": ""Apply per IGORA ROYAL quick-starter guide: igora_royal_e1_extra_cendre_pure""}",false
SK_IGORA_V5_014,line,Schwarzkopf Professional::IGORA ROYAL::US,igora_royal_absolutes_mature_hair,58,gray_coverage,manufacturer_stated,"{""all_of"": [{""field"": ""seed_line"", ""op"": ""="", ""value"": ""IGORA ROYAL Absolutes""}, {""field"": ""seed_tone_codes"", ""op"": ""="", ""value"": [""40"", ""50"", ""60"", ""70"", ""80"", ""90""]}]}","{""seed_rule_name"": ""igora_royal_absolutes_mature_hair"", ""seed_rule_category"": ""gray_coverage"", ""manufacturer_rule_action"": {""white_hair_coverage_pct"": 100, ""mixing_ratio"": ""1:1"", ""developer_volume"": 30, ""processing_time_min"": [30, 45], ""tip"": ""For pure color deposit on more than 90% white hair use 20 vol.""}, ""warning"": ""Apply per IGORA ROYAL quick-starter guide: igora_royal_absolutes_mature_hair""}",false
SK_IGORA_V5_015,line,Schwarzkopf Professional::IGORA ROYAL::US,igora_royal_fashion_lights,59,application,manufacturer_stated,"{""all_of"": [{""field"": ""seed_line"", ""op"": ""="", ""value"": ""IGORA ROYAL Fashion Lights""}, {""field"": ""seed_shade_codes"", ""op"": ""="", ""value"": [""L-00"", ""L-44"", ""L-57"", ""L-77"", ""L-88"", ""L-89""]}]}","{""seed_rule_name"": ""igora_royal_fashion_lights"", ""seed_rule_category"": ""application"", ""manufacturer_rule_action"": {""usage"": ""lift and color in one step"", ""max_lift_levels"": 5, ""mixing_ratio"": ""1:1"", ""developer_volume"": 40, ""processing_time_min"": [30, 45], ""application"": ""off_scalp_only"", ""starting_base"": ""6 and darker; dark or colored bases""}, ""warning"": ""Apply per IGORA ROYAL quick-starter guide: igora_royal_fashion_lights""}",false
SK_IGORA_V5_016,line,Schwarzkopf Professional::IGORA ROYAL::US,igora_royal_developer_10_vol_usage,60,developer,manufacturer_stated,"{""all_of"": [{""field"": ""seed_developer_volume"", ""op"": ""="", ""value"": 10}]}","{""seed_rule_name"": ""igora_royal_developer_10_vol_usage"", ""seed_rule_category"": ""developer"", ""manufacturer_rule_action"": {""recommended_uses"": [""coloring darker"", ""covering 100% white hair depending on texture"", ""color deposit on pre-lightened hair"", ""pastel shades""]}, ""warning"": ""Apply per IGORA ROYAL quick-starter guide: igora_royal_developer_10_vol_usage""}",false
SK_IGORA_V5_017,line,Schwarzkopf Professional::IGORA ROYAL::US,igora_royal_developer_20_vol_usage,61,developer,manufacturer_stated,"{""all_of"": [{""field"": ""seed_developer_volume"", ""op"": ""="", ""value"": 20}]}","{""seed_rule_name"": ""igora_royal_developer_20_vol_usage"", ""seed_rule_category"": ""developer"", ""manufacturer_rule_action"": {""recommended_uses"": [""tone-on-tone"", ""white hair coverage"", ""lifting 1-2 levels"", ""can achieve 2 levels on fine hair"", ""Absolutes deposit >90% white hair""]}, ""warning"": ""Apply per IGORA ROYAL quick-starter guide: igora_royal_developer_20_vol_usage""}",false
SK_IGORA_V5_018,line,Schwarzkopf Professional::IGORA ROYAL::US,igora_royal_developer_30_vol_usage,62,developer,manufacturer_stated,"{""all_of"": [{""field"": ""seed_developer_volume"", ""op"": ""="", ""value"": 30}]}","{""seed_rule_name"": ""igora_royal_developer_30_vol_usage"", ""seed_rule_category"": ""developer"", ""manufacturer_rule_action"": {""recommended_uses"": [""lifting 2-3 levels"", ""-00 series"", ""Absolutes gray coverage"", ""10-series up to 3 levels"", ""12-series 3-4 levels""]}, ""warning"": ""Apply per IGORA ROYAL quick-starter guide: igora_royal_developer_30_vol_usage""}",false
SK_IGORA_V5_019,line,Schwarzkopf Professional::IGORA ROYAL::US,igora_royal_developer_40_vol_usage,63,developer,manufacturer_stated,"{""all_of"": [{""field"": ""seed_developer_volume"", ""op"": ""="", ""value"": 40}]}","{""seed_rule_name"": ""igora_royal_developer_40_vol_usage"", ""seed_rule_category"": ""developer"", ""manufacturer_rule_action"": {""recommended_uses"": [""Fashion Lights"", ""10-series 3-4 levels"", ""12-series 4-5 levels""]}, ""warning"": ""Apply per IGORA ROYAL quick-starter guide: igora_royal_developer_40_vol_usage""}",false
SK_IGORA_V5_020,line,Schwarzkopf Professional::IGORA ROYAL::US,igora_royal_virgin_application,64,application,manufacturer_stated,"{""all_of"": [{""field"": ""seed_application_type"", ""op"": ""="", ""value"": ""virgin_hair""}]}","{""seed_rule_name"": ""igora_royal_virgin_application"", ""seed_rule_category"": ""application"", ""manufacturer_rule_action"": {""apply_to"": ""dry_unwashed_hair"", ""steps"": [""apply first on mid-lengths and ends in fine sections leaving 1/2 inch regrowth out"", ""develop 10 minutes or 15 minutes for Fashion Shades"", ""apply to regrowth"", ""develop 30-45 minutes""]}, ""warning"": ""Apply per IGORA ROYAL quick-starter guide: igora_royal_virgin_application""}",false
SK_IGORA_V5_021,line,Schwarzkopf Professional::IGORA ROYAL::US,igora_royal_regrowth_application,65,application,manufacturer_stated,"{""all_of"": [{""field"": ""seed_application_type"", ""op"": ""="", ""value"": ""regrowth""}]}","{""seed_rule_name"": ""igora_royal_regrowth_application"", ""seed_rule_category"": ""application"", ""manufacturer_rule_action"": {""apply_to"": ""dry_unwashed_hair"", ""steps"": [""apply color only to regrowth area first in fine sections"", ""develop 15-20 minutes"", ""apply IGORA ROYAL or IGORA VIBRANCE demi-permanent color to mid-lengths and ends"", ""develop 10-15 minutes""]}, ""warning"": ""Apply per IGORA ROYAL quick-starter guide: igora_royal_regrowth_application""}",false
SK_IGORA_V5_022,line,Schwarzkopf Professional::IGORA ROYAL::US,igora_royal_dual_application,66,application,manufacturer_stated,"{""all_of"": [{""field"": ""seed_application_type"", ""op"": ""="", ""value"": ""dual_application""}]}","{""seed_rule_name"": ""igora_royal_dual_application"", ""seed_rule_category"": ""application"", ""manufacturer_rule_action"": {""description"": ""Permanent IGORA ROYAL for regrowth with IGORA VIBRANCE non-ammonia demi-permanent color for mid-lengths and ends."", ""steps"": [""apply permanent IGORA ROYAL to regrowth first"", ""develop 15-20 minutes depending on mids/ends product"", ""apply IGORA VIBRANCE to mid-lengths and ends"", ""development time depends on desired intensity and instructions""]}, ""warning"": ""Apply per IGORA ROYAL quick-starter guide: igora_royal_dual_application""}",false
SK_IGORA_REC_001,line,Schwarzkopf Professional::IGORA ROYAL::US,igora_recreate_3-1,36,correction,manufacturer_stated,"{""all_of"": [{""field"": ""target_shade_code"", ""op"": ""="", ""value"": ""3-1""}]}","{""migration_recreation_formula"": true, ""mixing_possible"": true, ""ratio"": ""2:1"", ""components"": [{""grams"": 20, ""shade_code"": ""4-13""}, {""grams"": 10, ""shade_code"": ""1-1""}], ""developer_grams"": 30.0, ""recreation_formula_text"": ""4-13 + 1-1 (2:1) 20g 4-13 + 10g 1-1 + 30g IGORA ROYAL Oil Developer"", ""warning"": ""Previous-shade recreation formula from IGORA ROYAL page 6 cheat sheet; not an active inventory shade.""}",false
SK_IGORA_REC_002,line,Schwarzkopf Professional::IGORA ROYAL::US,igora_recreate_3-99,37,correction,manufacturer_stated,"{""all_of"": [{""field"": ""target_shade_code"", ""op"": ""="", ""value"": ""3-99""}]}","{""migration_recreation_formula"": true, ""mixing_possible"": true, ""ratio"": ""2:1"", ""components"": [{""grams"": 20, ""shade_code"": ""4-99""}, {""grams"": 10, ""shade_code"": ""4-0""}], ""developer_grams"": 30.0, ""recreation_formula_text"": ""4-99 + 4-0 (2:1) 20g 4-99 + 10g 4-0 + 30g IGORA ROYAL Oil Developer"", ""warning"": ""Previous-shade recreation formula from IGORA ROYAL page 6 cheat sheet; not an active inventory shade.""}",false
SK_IGORA_REC_003,line,Schwarzkopf Professional::IGORA ROYAL::US,igora_recreate_4-07,38,correction,manufacturer_stated,"{""all_of"": [{""field"": ""target_shade_code"", ""op"": ""="", ""value"": ""4-07""}]}","{""migration_recreation_formula"": true, ""mixing_possible"": true, ""ratio"": ""3:1"", ""components"": [{""grams"": 30, ""shade_code"": ""4-0""}, {""grams"": 10, ""shade_code"": ""5-7""}], ""developer_grams"": 40.0, ""recreation_formula_text"": ""4-0 + 5-7 (3:1) 30g 4-0 + 10g 5-7 + 40g IGORA ROYAL Oil Developer"", ""warning"": ""Previous-shade recreation formula from IGORA ROYAL page 6 cheat sheet; not an active inventory shade.""}",false
SK_IGORA_REC_004,line,Schwarzkopf Professional::IGORA ROYAL::US,igora_recreate_4-1,39,correction,manufacturer_stated,"{""all_of"": [{""field"": ""target_shade_code"", ""op"": ""="", ""value"": ""4-1""}]}","{""migration_recreation_formula"": true, ""mixing_possible"": true, ""ratio"": ""1:2"", ""components"": [{""grams"": 10, ""shade_code"": ""5-0""}, {""grams"": 20, ""shade_code"": ""4-13""}], ""developer_grams"": 30.0, ""recreation_formula_text"": ""5-0 + 4-13 (1:2) 10g 5-0 + 20g 4-13 + 30g IGORA ROYAL Oil Developer"", ""warning"": ""Previous-shade recreation formula from IGORA ROYAL page 6 cheat sheet; not an active inventory shade.""}",false
SK_IGORA_REC_005,line,Schwarzkopf Professional::IGORA ROYAL::US,igora_recreate_4-57,40,correction,manufacturer_stated,"{""all_of"": [{""field"": ""target_shade_code"", ""op"": ""="", ""value"": ""4-57""}]}","{""migration_recreation_formula"": true, ""mixing_possible"": true, ""ratio"": ""1:1"", ""components"": [{""grams"": 15, ""shade_code"": ""5-57""}, {""grams"": 15, ""shade_code"": ""4-68""}], ""developer_grams"": 30.0, ""recreation_formula_text"": ""5-57 + 4-68 (1:1) 15g 5-57 + 15g 4-68 + 30g IGORA ROYAL Oil Developer"", ""warning"": ""Previous-shade recreation formula from IGORA ROYAL page 6 cheat sheet; not an active inventory shade.""}",false
SK_IGORA_REC_006,line,Schwarzkopf Professional::IGORA ROYAL::US,igora_recreate_4-89,41,correction,manufacturer_stated,"{""all_of"": [{""field"": ""target_shade_code"", ""op"": ""="", ""value"": ""4-89""}]}","{""migration_recreation_formula"": true, ""mixing_possible"": true, ""ratio"": ""3:2:1"", ""components"": [{""grams"": 30, ""shade_code"": ""4-0""}, {""grams"": 20, ""shade_code"": ""0-88""}, {""grams"": 10, ""shade_code"": ""0-99""}], ""developer_grams"": 60.0, ""recreation_formula_text"": ""4-0 + 0-88 + 0-99 (3:2:1) 30g 4-0 + 20g 0-88 + 10g 0-99 + 60g IGORA ROYAL Oil Developer"", ""warning"": ""Previous-shade recreation formula from IGORA ROYAL page 6 cheat sheet; not an active inventory shade.""}",false
SK_IGORA_REC_007,line,Schwarzkopf Professional::IGORA ROYAL::US,igora_recreate_5-3,42,correction,manufacturer_stated,"{""all_of"": [{""field"": ""target_shade_code"", ""op"": ""="", ""value"": ""5-3""}]}","{""migration_recreation_formula"": true, ""mixing_possible"": true, ""ratio"": ""10:0.5"", ""components"": [{""grams"": 30, ""shade_code"": ""5-0""}, {""grams"": 2, ""shade_code"": ""0-33""}], ""developer_grams"": 32.0, ""recreation_formula_text"": ""5-0 + 0-33 (10:0.5) 30g 5-0 + 2g 0-33 + 32g IGORA ROYAL Oil Developer"", ""warning"": ""Previous-shade recreation formula from IGORA ROYAL page 6 cheat sheet; not an active inventory shade.""}",false
SK_IGORA_REC_008,line,Schwarzkopf Professional::IGORA ROYAL::US,igora_recreate_5-889,43,correction,manufacturer_stated,"{""all_of"": [{""field"": ""target_shade_code"", ""op"": ""="", ""value"": ""5-889""}]}","{""migration_recreation_formula"": true, ""mixing_possible"": true, ""ratio"": ""3:1"", ""components"": [{""grams"": 30, ""shade_code"": ""6-88""}, {""grams"": 10, ""shade_code"": ""6-99""}], ""developer_grams"": 40.0, ""recreation_formula_text"": ""6-88 + 6-99 (3:1) 30g 6-88 + 10g 6-99 + 40g IGORA ROYAL Oil Developer"", ""warning"": ""Previous-shade recreation formula from IGORA ROYAL page 6 cheat sheet; not an active inventory shade.""}",false
SK_IGORA_REC_009,line,Schwarzkopf Professional::IGORA ROYAL::US,igora_recreate_5-89,44,correction,manufacturer_stated,"{""all_of"": [{""field"": ""target_shade_code"", ""op"": ""="", ""value"": ""5-89""}]}","{""migration_recreation_formula"": true, ""mixing_possible"": true, ""ratio"": ""3:2"", ""components"": [{""grams"": 30, ""shade_code"": ""5-88""}, {""grams"": 20, ""shade_code"": ""5-99""}], ""developer_grams"": 50.0, ""recreation_formula_text"": ""5-88 + 5-99 (3:2) 30g 5-88 + 20g 5-99 + 50g IGORA ROYAL Oil Developer"", ""warning"": ""Previous-shade recreation formula from IGORA ROYAL page 6 cheat sheet; not an active inventory shade.""}",false
SK_IGORA_REC_010,line,Schwarzkopf Professional::IGORA ROYAL::US,igora_recreate_6-05,45,correction,manufacturer_stated,"{""all_of"": [{""field"": ""target_shade_code"", ""op"": ""="", ""value"": ""6-05""}]}","{""migration_recreation_formula"": true, ""mixing_possible"": true, ""ratio"": ""3:4"", ""components"": [{""grams"": 15, ""shade_code"": ""6-00""}, {""grams"": 20, ""shade_code"": ""6-5""}], ""developer_grams"": 35.0, ""recreation_formula_text"": ""6-00 + 6-5 (3:4) 15g 6-00 + 20g 6-5 + 35g IGORA ROYAL Oil Developer"", ""warning"": ""Previous-shade recreation formula from IGORA ROYAL page 6 cheat sheet; not an active inventory shade.""}",false
SK_IGORA_REC_011,line,Schwarzkopf Professional::IGORA ROYAL::US,igora_recreate_6-07,46,correction,manufacturer_stated,"{""all_of"": [{""field"": ""target_shade_code"", ""op"": ""="", ""value"": ""6-07""}]}","{""migration_recreation_formula"": true, ""mixing_possible"": false, ""ratio"": null, ""components"": [], ""developer_grams"": null, ""recreation_formula_text"": ""no mixing possible"", ""warning"": ""Previous-shade recreation formula from IGORA ROYAL page 6 cheat sheet; not an active inventory shade.""}",false
SK_IGORA_REC_012,line,Schwarzkopf Professional::IGORA ROYAL::US,igora_recreate_6-2,47,correction,manufacturer_stated,"{""all_of"": [{""field"": ""target_shade_code"", ""op"": ""="", ""value"": ""6-2""}]}","{""migration_recreation_formula"": true, ""mixing_possible"": false, ""ratio"": null, ""components"": [], ""developer_grams"": null, ""recreation_formula_text"": ""no mixing possible"", ""warning"": ""Previous-shade recreation formula from IGORA ROYAL page 6 cheat sheet; not an active inventory shade.""}",false
SK_IGORA_REC_013,line,Schwarzkopf Professional::IGORA ROYAL::US,igora_recreate_6-57,48,correction,manufacturer_stated,"{""all_of"": [{""field"": ""target_shade_code"", ""op"": ""="", ""value"": ""6-57""}]}","{""migration_recreation_formula"": true, ""mixing_possible"": true, ""ratio"": ""1:1"", ""components"": [{""grams"": 15, ""shade_code"": ""5-68""}, {""grams"": 15, ""shade_code"": ""7-57""}], ""developer_grams"": 30.0, ""recreation_formula_text"": ""5-68 + 7-57 (1:1) 15g 5-68 + 15g 7-57 + 30g IGORA ROYAL Oil Developer"", ""warning"": ""Previous-shade recreation formula from IGORA ROYAL page 6 cheat sheet; not an active inventory shade.""}",false
SK_IGORA_REC_014,line,Schwarzkopf Professional::IGORA ROYAL::US,igora_recreate_6-7,49,correction,manufacturer_stated,"{""all_of"": [{""field"": ""target_shade_code"", ""op"": ""="", ""value"": ""6-7""}]}","{""migration_recreation_formula"": true, ""mixing_possible"": true, ""ratio"": null, ""components"": [], ""developer_grams"": null, ""recreation_formula_text"": ""6-77"", ""warning"": ""Previous-shade recreation formula from IGORA ROYAL page 6 cheat sheet; not an active inventory shade.""}",false
SK_IGORA_REC_015,line,Schwarzkopf Professional::IGORA ROYAL::US,igora_recreate_6-87,50,correction,manufacturer_stated,"{""all_of"": [{""field"": ""target_shade_code"", ""op"": ""="", ""value"": ""6-87""}]}","{""migration_recreation_formula"": true, ""mixing_possible"": true, ""ratio"": ""1:1:1"", ""components"": [{""grams"": 10, ""shade_code"": ""6-0""}, {""grams"": 10, ""shade_code"": ""6-88""}, {""grams"": 10, ""shade_code"": ""6-77""}], ""developer_grams"": 30.0, ""recreation_formula_text"": ""6-0 + 6-88 + 6-77 (1:1:1) 10g 6-0 + 10g 6-88 + 10g 6-77 + 30g IGORA ROYAL Oil Developer"", ""warning"": ""Previous-shade recreation formula from IGORA ROYAL page 6 cheat sheet; not an active inventory shade.""}",false
SK_IGORA_REC_016,line,Schwarzkopf Professional::IGORA ROYAL::US,igora_recreate_6-888,51,correction,manufacturer_stated,"{""all_of"": [{""field"": ""target_shade_code"", ""op"": ""="", ""value"": ""6-888""}]}","{""migration_recreation_formula"": true, ""mixing_possible"": true, ""ratio"": null, ""components"": [], ""developer_grams"": null, ""recreation_formula_text"": ""6-88"", ""warning"": ""Previous-shade recreation formula from IGORA ROYAL page 6 cheat sheet; not an active inventory shade.""}",false
SK_IGORA_REC_017,line,Schwarzkopf Professional::IGORA ROYAL::US,igora_recreate_6-89,52,correction,manufacturer_stated,"{""all_of"": [{""field"": ""target_shade_code"", ""op"": ""="", ""value"": ""6-89""}]}","{""migration_recreation_formula"": true, ""mixing_possible"": true, ""ratio"": ""1:2"", ""components"": [{""grams"": 10, ""shade_code"": ""5-88""}, {""grams"": 20, ""shade_code"": ""6-99""}], ""developer_grams"": 30.0, ""recreation_formula_text"": ""5-88 + 6-99 (1:2) 10g 5-88 + 20g 6-99 + 30g IGORA ROYAL Oil Developer"", ""warning"": ""Previous-shade recreation formula from IGORA ROYAL page 6 cheat sheet; not an active inventory shade.""}",false
SK_IGORA_REC_018,line,Schwarzkopf Professional::IGORA ROYAL::US,igora_recreate_7-05,53,correction,manufacturer_stated,"{""all_of"": [{""field"": ""target_shade_code"", ""op"": ""="", ""value"": ""7-05""}]}","{""migration_recreation_formula"": true, ""mixing_possible"": true, ""ratio"": ""2:1"", ""components"": [{""grams"": 20, ""shade_code"": ""7-00""}, {""grams"": 10, ""shade_code"": ""7-5""}], ""developer_grams"": 30.0, ""recreation_formula_text"": ""7-00 + 7-5 (2:1) 20g 7-00 + 10g 7-5 + 30g IGORA ROYAL Oil Developer"", ""warning"": ""Previous-shade recreation formula from IGORA ROYAL page 6 cheat sheet; not an active inventory shade.""}",false
SK_IGORA_REC_019,line,Schwarzkopf Professional::IGORA ROYAL::US,igora_recreate_7-12,54,correction,manufacturer_stated,"{""all_of"": [{""field"": ""target_shade_code"", ""op"": ""="", ""value"": ""7-12""}]}","{""migration_recreation_formula"": true, ""mixing_possible"": true, ""ratio"": ""1:1"", ""components"": [{""grams"": 15, ""shade_code"": ""6-12""}, {""grams"": 15, ""shade_code"": ""8-11""}], ""developer_grams"": 30.0, ""recreation_formula_text"": ""6-12 + 8-11 (1:1) 15g 6-12 + 15g 8-11 + 30g IGORA ROYAL Oil Developer"", ""warning"": ""Previous-shade recreation formula from IGORA ROYAL page 6 cheat sheet; not an active inventory shade.""}",false
SK_IGORA_REC_020,line,Schwarzkopf Professional::IGORA ROYAL::US,igora_recreate_7-2,55,correction,manufacturer_stated,"{""all_of"": [{""field"": ""target_shade_code"", ""op"": ""="", ""value"": ""7-2""}]}","{""migration_recreation_formula"": true, ""mixing_possible"": false, ""ratio"": null, ""components"": [], ""developer_grams"": null, ""recreation_formula_text"": ""no mixing possible"", ""warning"": ""Previous-shade recreation formula from IGORA ROYAL page 6 cheat sheet; not an active inventory shade.""}",false
SK_IGORA_REC_021,line,Schwarzkopf Professional::IGORA ROYAL::US,igora_recreate_7-3,56,correction,manufacturer_stated,"{""all_of"": [{""field"": ""target_shade_code"", ""op"": ""="", ""value"": ""7-3""}]}","{""migration_recreation_formula"": true, ""mixing_possible"": true, ""ratio"": ""10:0.4"", ""components"": [{""grams"": 30, ""shade_code"": ""7-0""}, {""grams"": 1, ""shade_code"": ""0-33""}], ""developer_grams"": 31.0, ""recreation_formula_text"": ""7-0 + 0-33 (10:0.4) 30g 7-0 + 1g 0-33 + 31g IGORA ROYAL Oil Developer"", ""warning"": ""Previous-shade recreation formula from IGORA ROYAL page 6 cheat sheet; not an active inventory shade.""}",false
SK_IGORA_REC_022,line,Schwarzkopf Professional::IGORA ROYAL::US,igora_recreate_7-5,57,correction,manufacturer_stated,"{""all_of"": [{""field"": ""target_shade_code"", ""op"": ""="", ""value"": ""7-5""}]}","{""migration_recreation_formula"": true, ""mixing_possible"": true, ""ratio"": null, ""components"": [], ""developer_grams"": null, ""recreation_formula_text"": ""7-55"", ""warning"": ""Previous-shade recreation formula from IGORA ROYAL page 6 cheat sheet; not an active inventory shade.""}",false
SK_IGORA_REC_023,line,Schwarzkopf Professional::IGORA ROYAL::US,igora_recreate_7-7,58,correction,manufacturer_stated,"{""all_of"": [{""field"": ""target_shade_code"", ""op"": ""="", ""value"": ""7-7""}]}","{""migration_recreation_formula"": true, ""mixing_possible"": true, ""ratio"": ""1:3"", ""components"": [{""grams"": 10, ""shade_code"": ""7-57""}, {""grams"": 30, ""shade_code"": ""7-77""}], ""developer_grams"": 40.0, ""recreation_formula_text"": ""7-57 + 7-77 (1:3) 10g 7-57 + 30g 7-77 + 40g IGORA ROYAL Oil Developer"", ""warning"": ""Previous-shade recreation formula from IGORA ROYAL page 6 cheat sheet; not an active inventory shade.""}",false
SK_IGORA_REC_024,line,Schwarzkopf Professional::IGORA ROYAL::US,igora_recreate_7-87,59,correction,manufacturer_stated,"{""all_of"": [{""field"": ""target_shade_code"", ""op"": ""="", ""value"": ""7-87""}]}","{""migration_recreation_formula"": true, ""mixing_possible"": true, ""ratio"": ""2:1"", ""components"": [{""grams"": 20, ""shade_code"": ""7-77""}, {""grams"": 10, ""shade_code"": ""6-88""}], ""developer_grams"": 30.0, ""recreation_formula_text"": ""7-77 + 6-88 (2:1) 20g 7-77 + 10g 6-88 + 30g IGORA ROYAL Oil Developer"", ""warning"": ""Previous-shade recreation formula from IGORA ROYAL page 6 cheat sheet; not an active inventory shade.""}",false
SK_IGORA_REC_025,line,Schwarzkopf Professional::IGORA ROYAL::US,igora_recreate_7-887,60,correction,manufacturer_stated,"{""all_of"": [{""field"": ""target_shade_code"", ""op"": ""="", ""value"": ""7-887""}]}","{""migration_recreation_formula"": true, ""mixing_possible"": true, ""ratio"": ""2:1"", ""components"": [{""grams"": 20, ""shade_code"": ""6-88""}, {""grams"": 10, ""shade_code"": ""8-77""}], ""developer_grams"": 30.0, ""recreation_formula_text"": ""6-88 + 8-77 (2:1) 20g 6-88 + 10g 8-77 + 30g IGORA ROYAL Oil Developer"", ""warning"": ""Previous-shade recreation formula from IGORA ROYAL page 6 cheat sheet; not an active inventory shade.""}",false
SK_IGORA_REC_026,line,Schwarzkopf Professional::IGORA ROYAL::US,igora_recreate_8-2,61,correction,manufacturer_stated,"{""all_of"": [{""field"": ""target_shade_code"", ""op"": ""="", ""value"": ""8-2""}]}","{""migration_recreation_formula"": true, ""mixing_possible"": true, ""ratio"": ""1:1"", ""components"": [{""grams"": 15, ""shade_code"": ""8-0""}, {""grams"": 15, ""shade_code"": ""8-11""}], ""developer_grams"": 30.0, ""recreation_formula_text"": ""8-0 + 8-11 (1:1) 15g 8-0 + 15g 8-11 + 30g IGORA ROYAL Oil Developer"", ""warning"": ""Previous-shade recreation formula from IGORA ROYAL page 6 cheat sheet; not an active inventory shade.""}",false
SK_IGORA_REC_027,line,Schwarzkopf Professional::IGORA ROYAL::US,igora_recreate_8-3,62,correction,manufacturer_stated,"{""all_of"": [{""field"": ""target_shade_code"", ""op"": ""="", ""value"": ""8-3""}]}","{""migration_recreation_formula"": true, ""mixing_possible"": true, ""ratio"": ""10:0.5"", ""components"": [{""grams"": 30, ""shade_code"": ""8-0""}, {""grams"": 2, ""shade_code"": ""0-33""}], ""developer_grams"": 32.0, ""recreation_formula_text"": ""8-0 + 0-33 (10:0.5) 30g 8-0 + 2g 0-33 + 32g IGORA ROYAL Oil Developer"", ""warning"": ""Previous-shade recreation formula from IGORA ROYAL page 6 cheat sheet; not an active inventory shade.""}",false
SK_IGORA_REC_028,line,Schwarzkopf Professional::IGORA ROYAL::US,igora_recreate_8-5,63,correction,manufacturer_stated,"{""all_of"": [{""field"": ""target_shade_code"", ""op"": ""="", ""value"": ""8-5""}]}","{""migration_recreation_formula"": true, ""mixing_possible"": true, ""ratio"": ""1:1"", ""components"": [{""grams"": 15, ""shade_code"": ""8-65""}, {""grams"": 15, ""shade_code"": ""8-55""}], ""developer_grams"": 30.0, ""recreation_formula_text"": ""8-65 + 8-55 (1:1) 15g 8-65 + 15g 8-55 + 30g IGORA ROYAL Oil Developer"", ""warning"": ""Previous-shade recreation formula from IGORA ROYAL page 6 cheat sheet; not an active inventory shade.""}",false
SK_IGORA_REC_029,line,Schwarzkopf Professional::IGORA ROYAL::US,igora_recreate_8-7,64,correction,manufacturer_stated,"{""all_of"": [{""field"": ""target_shade_code"", ""op"": ""="", ""value"": ""8-7""}]}","{""migration_recreation_formula"": true, ""mixing_possible"": true, ""ratio"": ""1:6"", ""components"": [{""grams"": 5, ""shade_code"": ""9-0""}, {""grams"": 30, ""shade_code"": ""8-77""}], ""developer_grams"": 35.0, ""recreation_formula_text"": ""9-0 + 8-77 (1:6) 5g 9-0 + 30g 8-77 + 35g IGORA ROYAL Oil Developer"", ""warning"": ""Previous-shade recreation formula from IGORA ROYAL page 6 cheat sheet; not an active inventory shade.""}",false
SK_IGORA_REC_030,line,Schwarzkopf Professional::IGORA ROYAL::US,igora_recreate_9-01,65,correction,manufacturer_stated,"{""all_of"": [{""field"": ""target_shade_code"", ""op"": ""="", ""value"": ""9-01""}]}","{""migration_recreation_formula"": true, ""mixing_possible"": true, ""ratio"": ""3:1"", ""components"": [{""grams"": 30, ""shade_code"": ""9-00""}, {""grams"": 10, ""shade_code"": ""0-11""}], ""developer_grams"": 40.0, ""recreation_formula_text"": ""9-00 + 0-11 (3:1) 30g 9-00 + 10g 0-11 + 40g IGORA ROYAL Oil Developer"", ""warning"": ""Previous-shade recreation formula from IGORA ROYAL page 6 cheat sheet; not an active inventory shade.""}",false
SK_IGORA_REC_031,line,Schwarzkopf Professional::IGORA ROYAL::US,igora_recreate_9-05,66,correction,manufacturer_stated,"{""all_of"": [{""field"": ""target_shade_code"", ""op"": ""="", ""value"": ""9-05""}]}","{""migration_recreation_formula"": true, ""mixing_possible"": true, ""ratio"": ""1:1"", ""components"": [{""grams"": 15, ""shade_code"": ""9-0""}, {""grams"": 15, ""shade_code"": ""8-55""}], ""developer_grams"": 30.0, ""recreation_formula_text"": ""9-0 + 8-55 (1:1) 15g 9-0 + 15g 8-55 + 30g IGORA ROYAL Oil Developer"", ""warning"": ""Previous-shade recreation formula from IGORA ROYAL page 6 cheat sheet; not an active inventory shade.""}",false
SK_IGORA_REC_032,line,Schwarzkopf Professional::IGORA ROYAL::US,igora_recreate_9-2,67,correction,manufacturer_stated,"{""all_of"": [{""field"": ""target_shade_code"", ""op"": ""="", ""value"": ""9-2""}]}","{""migration_recreation_formula"": true, ""mixing_possible"": false, ""ratio"": null, ""components"": [], ""developer_grams"": null, ""recreation_formula_text"": ""no mixing possible"", ""warning"": ""Previous-shade recreation formula from IGORA ROYAL page 6 cheat sheet; not an active inventory shade.""}",false
SK_IGORA_REC_033,line,Schwarzkopf Professional::IGORA ROYAL::US,igora_recreate_9-5,68,correction,manufacturer_stated,"{""all_of"": [{""field"": ""target_shade_code"", ""op"": ""="", ""value"": ""9-5""}]}","{""migration_recreation_formula"": true, ""mixing_possible"": true, ""ratio"": null, ""components"": [], ""developer_grams"": null, ""recreation_formula_text"": ""9-55"", ""warning"": ""Previous-shade recreation formula from IGORA ROYAL page 6 cheat sheet; not an active inventory shade.""}",false
SK_IGORA_REC_034,line,Schwarzkopf Professional::IGORA ROYAL::US,igora_recreate_9.5-0,69,correction,manufacturer_stated,"{""all_of"": [{""field"": ""target_shade_code"", ""op"": ""="", ""value"": ""9.5-0""}]}","{""migration_recreation_formula"": true, ""mixing_possible"": true, ""ratio"": null, ""components"": [], ""developer_grams"": null, ""recreation_formula_text"": ""D-0 D-0"", ""warning"": ""Previous-shade recreation formula from IGORA ROYAL page 6 cheat sheet; not an active inventory shade.""}",false
SK_IGORA_REC_035,line,Schwarzkopf Professional::IGORA ROYAL::US,igora_recreate_9.5-5,70,correction,manufacturer_stated,"{""all_of"": [{""field"": ""target_shade_code"", ""op"": ""="", ""value"": ""9.5-5""}]}","{""migration_recreation_formula"": true, ""mixing_possible"": false, ""ratio"": null, ""components"": [], ""developer_grams"": null, ""recreation_formula_text"": ""no mixing possible"", ""warning"": ""Previous-shade recreation formula from IGORA ROYAL page 6 cheat sheet; not an active inventory shade.""}",false
SK_IGORA_REC_036,line,Schwarzkopf Professional::IGORA ROYAL::US,igora_recreate_10-2,71,correction,manufacturer_stated,"{""all_of"": [{""field"": ""target_shade_code"", ""op"": ""="", ""value"": ""10-2""}]}","{""migration_recreation_formula"": true, ""mixing_possible"": true, ""ratio"": ""2:1"", ""components"": [{""grams"": 20, ""shade_code"": ""10-0""}, {""grams"": 10, ""shade_code"": ""9.5-22""}], ""developer_grams"": 30.0, ""recreation_formula_text"": ""10-0 + 9.5-22 (2:1) 20g 10-0 + 10g 9.5-22+ 30g IGORA ROYAL Oil Developer"", ""warning"": ""Previous-shade recreation formula from IGORA ROYAL page 6 cheat sheet; not an active inventory shade.""}",false
SK_IGORA_REC_037,line,Schwarzkopf Professional::IGORA ROYAL::US,igora_recreate_10-5,72,correction,manufacturer_stated,"{""all_of"": [{""field"": ""target_shade_code"", ""op"": ""="", ""value"": ""10-5""}]}","{""migration_recreation_formula"": true, ""mixing_possible"": true, ""ratio"": ""14:1"", ""components"": [{""grams"": 28, ""shade_code"": ""10-4""}, {""grams"": 2, ""shade_code"": ""0-55""}], ""developer_grams"": 30.0, ""recreation_formula_text"": ""10-4 + 0-55 (14:1) 28g 10-4 + 2g 0-55 + 30g IGORA ROYAL Oil Developer"", ""warning"": ""Previous-shade recreation formula from IGORA ROYAL page 6 cheat sheet; not an active inventory shade.""}",false
SK_IGORA_REC_038,line,Schwarzkopf Professional::IGORA ROYAL::US,igora_recreate_100-4,73,correction,manufacturer_stated,"{""all_of"": [{""field"": ""target_shade_code"", ""op"": ""="", ""value"": ""100-4""}]}","{""migration_recreation_formula"": true, ""mixing_possible"": true, ""ratio"": ""more intense"", ""components"": [], ""developer_grams"": null, ""recreation_formula_text"": ""L-44 (more intense) L-44"", ""warning"": ""Previous-shade recreation formula from IGORA ROYAL page 6 cheat sheet; not an active inventory shade.""}",false
SK_IGORA_REC_039,line,Schwarzkopf Professional::IGORA ROYAL::US,igora_recreate_100-5,74,correction,manufacturer_stated,"{""all_of"": [{""field"": ""target_shade_code"", ""op"": ""="", ""value"": ""100-5""}]}","{""migration_recreation_formula"": true, ""mixing_possible"": false, ""ratio"": null, ""components"": [], ""developer_grams"": null, ""recreation_formula_text"": ""no mixing possible"", ""warning"": ""Previous-shade recreation formula from IGORA ROYAL page 6 cheat sheet; not an active inventory shade.""}",false
SK_IGORA_REC_040,line,Schwarzkopf Professional::IGORA ROYAL::US,igora_recreate_E-00,75,correction,manufacturer_stated,"{""all_of"": [{""field"": ""target_shade_code"", ""op"": ""="", ""value"": ""E-00""}]}","{""migration_recreation_formula"": true, ""mixing_possible"": true, ""ratio"": null, ""components"": [], ""developer_grams"": null, ""recreation_formula_text"": ""E-0 E-0"", ""warning"": ""Previous-shade recreation formula from IGORA ROYAL page 6 cheat sheet; not an active inventory shade.""}",false
LP_MAJ_001,line,L'Oréal Professionnel::Majirel::US,majirel_gray_coverage_20vol,55,gray_coverage,manufacturer_stated,"{""all_of"": [{""field"": ""gray_percentage"", ""op"": "">="", ""value"": 50}, {""field"": ""deposit_levels"", ""op"": ""="", ""value"": 0}]}","{""set_developer_volume"": 20, ""require_natural_shade_mix"": true, ""natural_shade_ratio"": 0.5, ""warning"": ""Over 50% white: 1/2 target + 1/2 Natural (.N) or Gold (.3) on same level per Majirel chart.""}",false
KENRA_001,line,Kenra Professional::Kenra Color Permanent::US,kenra_gray_coverage_20vol,55,gray_coverage,manufacturer_stated,"{""all_of"": [{""field"": ""gray_percentage"", ""op"": "">="", ""value"": 50}, {""field"": ""deposit_levels"", ""op"": ""="", ""value"": 0}]}","{""set_developer_volume"": 20, ""require_natural_shade_mix"": true, ""natural_shade_ratio"": 0.33, ""adjust_processing_time_minutes"": 5, ""warning"": ""Gray coverage: incorporate Natural (N) series per Kenra workbook chart; up to 40 min.""}",false
GW_COL_001,line,Goldwell::Colorance::US,colorance_fashion_natural_blend,60,gray_coverage,manufacturer_stated,"{""all_of"": [{""field"": ""gray_percentage"", ""op"": "">"", ""value"": 0}, {""field"": ""gray_percentage"", ""op"": ""<="", ""value"": 50}]}","{""require_natural_shade_mix"": true, ""natural_shade_ratio"": 0.5, ""set_developer_volume"": null, ""mixing_ratio"": ""2:1"", ""warning"": ""Colorance demi: Fashion + N-shade mix; Cover Plus NN for higher gray.""}",false
PR_F8_001,line,Pulp Riot::FACTION8::US,faction8_optimal_full_white_natural_mix,55,gray_coverage,manufacturer_stated,"{""all_of"": [{""field"": ""gray_percentage"", ""op"": "">="", ""value"": 95}, {""field"": ""deposit_levels"", ""op"": ""="", ""value"": 0}]}","{""set_developer_volume"": 20, ""require_natural_shade_mix"": true, ""natural_shade_ratio"": 0.5, ""warning"": ""FACTION8 100% white-hair coverage guidance: add 1/4 to 1/2 Natural series; use Double Natural (-00) for intense coverage.""}",false
PR_F8_002,line,Pulp Riot::FACTION8::US,faction8_high_lift_ratio_and_guardrail,40,lift,manufacturer_stated,"{""all_of"": [{""field"": ""selected_sub_ranges"", ""op"": ""contains"", ""value"": ""High Lift""}]}","{""mixing_ratio"": ""1:2"", ""set_developer_volume"": 40, ""warning"": ""FACTION8 High Lift: process 45-55 minutes, use on levels 5+, and do not mix High Lift colors with other target shades.""}",false
AV_FS_001,line,Aveda::Full Spectrum Permanent::US,aveda_natural_intense_mix_process,46,application,manufacturer_stated,"{""all_of"": [{""field"": ""seed_line"", ""op"": ""="", ""value"": ""Full Spectrum""}, {""field"": ""seed_series"", ""op"": ""="", ""value"": [""natural"", ""intense""]}]}","{""seed_rule_name"": ""aveda_natural_intense_mix_process"", ""seed_rule_category"": ""processing"", ""manufacturer_rule_action"": {""mixing_ratio"": ""1:1"", ""developer_by_lift"": [{""lift_levels"": 4, ""developer_volume"": 40, ""processing_time_min"": 45}, {""lift_levels"": 3, ""developer_volume"": 30, ""processing_time_min"": 40}, {""lift_levels"": 2, ""developer_volume"": 20, ""processing_time_min"": 30}, {""lift_levels"": 1, ""developer_volume"": 10, ""processing_time_min"": 20}, {""lift_levels"": ""0-1"", ""developer_volume"": 5, ""processing_time_min"": 20}]}, ""warning"": ""Apply per Aveda Full Spectrum manufacturer chart: aveda_natural_intense_mix_process""}",false
AV_FS_002,line,Aveda::Full Spectrum Permanent::US,aveda_extra_lift_pastel_blonde,47,lift,manufacturer_stated,"{""all_of"": [{""field"": ""seed_line"", ""op"": ""="", ""value"": ""Full Spectrum""}, {""field"": ""seed_series"", ""op"": ""="", ""value"": ""extra lift pastel blonde""}]}","{""seed_rule_name"": ""aveda_extra_lift_pastel_blonde"", ""seed_rule_category"": ""lift"", ""manufacturer_rule_action"": {""mixing_ratio"": ""1:2"", ""developer_by_lift"": [{""lift_levels"": 5, ""developer_volume"": 40, ""processing_time_min"": 45}, {""lift_levels"": 4, ""developer_volume"": 30, ""processing_time_min"": 30}], ""max_lift_levels"": 5}, ""warning"": ""Apply per Aveda Full Spectrum manufacturer chart: aveda_extra_lift_pastel_blonde""}",false
AV_FS_003,line,Aveda::Full Spectrum Permanent::US,aveda_nrp_complementary_tone,48,color_science,manufacturer_stated,"{""all_of"": [{""field"": ""seed_line"", ""op"": ""="", ""value"": ""Full Spectrum""}, {""field"": ""seed_uses_natural_remaining_pigment"", ""op"": ""="", ""value"": true}]}","{""seed_rule_name"": ""aveda_nrp_complementary_tone"", ""seed_rule_category"": ""color_science"", ""manufacturer_rule_action"": {""neutralize"": ""choose tone opposite NRP"", ""intensify"": ""choose tones same as NRP"", ""level_map"": {""10"": {""nrp"": ""Pale Yellow"", ""complement"": ""Violet""}, ""9"": {""nrp"": ""Yellow"", ""complement"": ""Violet""}, ""8"": {""nrp"": ""Yellow/Orange"", ""complement"": ""Blue/Violet""}, ""7"": {""nrp"": ""Orange"", ""complement"": ""Blue""}, ""6"": {""nrp"": ""Red/Orange"", ""complement"": ""Blue/Green""}, ""5"": {""nrp"": ""Red"", ""complement"": ""Green""}}}, ""warning"": ""Apply per Aveda Full Spectrum manufacturer chart: aveda_nrp_complementary_tone""}",false
AV_FS_004,line,Aveda::Full Spectrum Permanent::US,aveda_pure_tone_standard_amount_by_desired_level,49,deposit,manufacturer_stated,"{""all_of"": [{""field"": ""seed_formula_intent"", ""op"": ""="", ""value"": ""standard_customized_natural_result""}, {""field"": ""seed_line"", ""op"": ""="", ""value"": ""Full Spectrum Permanent Hair Color""}, {""field"": ""seed_series"", ""op"": ""="", ""value"": ""natural""}]}","{""seed_rule_name"": ""aveda_pure_tone_standard_amount_by_desired_level"", ""seed_rule_category"": ""formulation"", ""manufacturer_rule_action"": {""developer_ml"": 40, ""developer_ratio"": ""1:1"", ""levels_not_recommended_for_customization"": [1, 2], ""natural_series_shade_g"": 40, ""pure_tone_amount_by_desired_level"": {""10"": 2, ""3"": 8, ""4"": 6, ""5"": 4, ""6"": 2, ""7"": 8, ""8"": 6, ""9"": 4}}, ""warning"": ""Apply per Aveda Full Spectrum manufacturer chart: aveda_pure_tone_standard_amount_by_desired_level""}",false
AV_FS_005,line,Aveda::Full Spectrum Permanent::US,aveda_light_vs_dark_pure_tone_selection_by_level,50,deposit,manufacturer_stated,"{""all_of"": [{""field"": ""seed_line"", ""op"": ""="", ""value"": ""Full Spectrum Permanent Hair Color""}, {""field"": ""seed_uses_pure_tone"", ""op"": ""="", ""value"": true}]}","{""seed_rule_name"": ""aveda_light_vs_dark_pure_tone_selection_by_level"", ""seed_rule_category"": ""formulation"", ""manufacturer_rule_action"": {""dark_pure_tones"": [""Dark N/N"", ""Dark B/V"", ""Dark B/G"", ""Dark Y/O"", ""Dark R/O"", ""Dark V/R""], ""dark_pure_tones_for_levels"": [3, 4, 5, 6], ""light_pure_tones"": [""Light N/N"", ""Light V/B"", ""Light B/B"", ""Light Y/O"", ""Light O/R""], ""light_pure_tones_for_levels"": [7, 8, 9, 10], ""not_recommended_levels"": [1, 2], ""red_family_can_use_red_pure_pigment_at_levels"": [3, 4, 5, 6]}, ""warning"": ""Apply per Aveda Full Spectrum manufacturer chart: aveda_light_vs_dark_pure_tone_selection_by_level""}",false
AV_FS_006,line,Aveda::Full Spectrum Permanent::US,aveda_natural_series_customization_matrix,51,deposit,manufacturer_stated,"{""all_of"": [{""field"": ""seed_formula_component_model"", ""op"": ""="", ""value"": ""natural shade + pure tone""}, {""field"": ""seed_line"", ""op"": ""="", ""value"": ""Full Spectrum Permanent Hair Color""}, {""field"": ""seed_series"", ""op"": ""="", ""value"": ""natural""}]}","{""seed_rule_name"": ""aveda_natural_series_customization_matrix"", ""seed_rule_category"": ""formulation"", ""manufacturer_rule_action"": {""formulas"": [{""base"": ""10Natural"", ""base_g"": 40, ""level"": 10, ""modifier_g"": 2, ""modifiers_by_family"": {""ash"": ""Light V/B"", ""copper"": ""Light O/R"", ""gold"": ""Light Y/O"", ""intense_ash"": ""Light B/B"", ""natural/natural"": ""Light N/N""}}, {""base"": ""9Natural"", ""base_g"": 40, ""level"": 9, ""modifier_g"": 4, ""modifiers_by_family"": {""ash"": ""Light V/B"", ""copper"": ""Light O/R"", ""gold"": ""Light Y/O"", ""intense_ash"": ""Light B/B"", ""natural/natural"": ""Light N/N""}}, {""base"": ""8Natural"", ""base_g"": 40, ""level"": 8, ""modifier_g"": 6, ""modifiers_by_family"": {""ash"": ""Light V/B"", ""copper"": ""Light O/R"", ""gold"": ""Light Y/O"", ""intense_ash"": ""Light B/B"", ""natural/natural"": ""Light N/N""}}, {""base"": ""7Natural"", ""base_g"": 40, ""level"": 7, ""modifier_g"": 8, ""modifiers_by_family"": {""ash"": ""Light V/B"", ""copper"": ""Light O/R"", ""gold"": ""Light Y/O"", ""intense_ash"": ""Light B/B"", ""natural/natural"": ""Light N/N""}}, {""base"": ""6Natural"", ""base_g"": 40, ""level"": 6, ""modifier_g"": 2, ""modifiers_by_family"": {""ash"": ""Dark B/V"", ""copper"": ""Dark R/O"", ""gold"": ""Dark Y/O"", ""intense_ash"": ""Dark B/G"", ""natural/natural"": ""Dark N/N"", ""red"": ""Red Pure Pigment"", ""violet_red"": ""Dark V/R""}}, {""base"": ""5Natural"", ""base_g"": 40, ""level"": 5, ""modifier_g"": 4, ""modifiers_by_family"": {""ash"": ""Dark B/V"", ""copper"": ""Dark R/O"", ""gold"": ""Dark Y/O"", ""intense_ash"": ""Dark B/G"", ""natural/natural"": ""Dark N/N"", ""red"": ""Red Pure Pigment"", ""violet_red"": ""Dark V/R""}}, {""base"": ""4Natural"", ""base_g"": 40, ""level"": 4, ""modifier_g"": 6, ""modifiers_by_family"": {""ash"": ""Dark B/V"", ""copper"": ""Dark R/O"", ""gold"": ""Dark Y/O"", ""intense_ash"": ""Dark B/G"", ""natural/natural"": ""Dark N/N"", ""red"": ""Red Pure Pigment"", ""violet_red"": ""Dark V/R""}}, {""base"": ""3Natural"", ""base_g"": 40, ""level"": 3, ""modifier_g"": 8, ""modifiers_by_family"": {""ash"": ""Dark B/V"", ""copper"": ""Dark R/O"", ""gold"": ""Dark Y/O"", ""intense_ash"": ""Dark B/G"", ""natural/natural"": ""Dark N/N"", ""red"": ""Red Pure Pigment"", ""violet_red"": ""Dark V/R""}}], ""levels_not_recommended_for_customization"": [1, 2], ""mixing_ratio"": ""1:1""}, ""warning"": ""Apply per Aveda Full Spectrum manufacturer chart: aveda_natural_series_customization_matrix""}",false
AV_FS_007,line,Aveda::Full Spectrum Permanent::US,aveda_intense_series_customization_matrix,52,deposit,manufacturer_stated,"{""all_of"": [{""field"": ""seed_formula_component_model"", ""op"": ""="", ""value"": ""natural shade + intense base + pure tone or red pure pigment""}, {""field"": ""seed_line"", ""op"": ""="", ""value"": ""Full Spectrum Permanent Hair Color""}, {""field"": ""seed_series"", ""op"": ""="", ""value"": ""intense""}]}","{""seed_rule_name"": ""aveda_intense_series_customization_matrix"", ""seed_rule_category"": ""formulation"", ""manufacturer_rule_action"": {""developer_ml"": 40, ""developer_ratio"": ""1:1"", ""intense_base_g"": 30, ""levels_not_recommended_for_customization"": [1, 2], ""modifier_amount_by_level"": {""10"": 4, ""3"": 16, ""4"": 12, ""5"": 8, ""6"": 4, ""7"": 16, ""8"": 12, ""9"": 8}, ""modifier_by_family"": {""intense_copper"": {""levels_3_to_6"": ""Dark R/O"", ""levels_7_to_10"": ""Light O/R""}, ""intense_red"": {""levels_3_to_6"": ""Red Pure Pigment""}, ""intense_violet_red"": {""levels_3_to_6"": ""Dark V/R""}}, ""natural_series_shade_g"": 10}, ""warning"": ""Apply per Aveda Full Spectrum manufacturer chart: aveda_intense_series_customization_matrix""}",false
AV_FS_008,line,Aveda::Full Spectrum Permanent::US,aveda_pure_pigment_usage_rules,53,deposit,manufacturer_stated,"{""all_of"": [{""field"": ""seed_line"", ""op"": ""="", ""value"": ""Full Spectrum Permanent Hair Color""}, {""field"": ""seed_modifier_type"", ""op"": ""="", ""value"": ""pure_pigment""}]}","{""seed_rule_name"": ""aveda_pure_pigment_usage_rules"", ""seed_rule_category"": ""formulation"", ""manufacturer_rule_action"": {""levels_7_to_10_warning"": ""pure pigments are not recommended for natural-looking results because dye concentration is high"", ""natural_series_levels_3_to_6_add_tonality"": ""replace pure tones with pure pigments at up to double amount recommended for level"", ""natural_series_levels_3_to_6_intensify"": ""use pure tone at recommended amount and add up to equal amount of pure pigment"", ""pure_primary_secondary_on_prelightened_hair"": {""developer_volume"": 5, ""mixing_ratio"": ""1:1"", ""processing_time_min"": [10, 20]}}, ""warning"": ""Apply per Aveda Full Spectrum manufacturer chart: aveda_pure_pigment_usage_rules""}",false
AV_FS_009,line,Aveda::Full Spectrum Permanent::US,aveda_vibrancy_guide,54,deposit,manufacturer_stated,"{""all_of"": [{""field"": ""seed_line"", ""op"": ""="", ""value"": ""Full Spectrum Permanent Hair Color""}, {""field"": ""seed_service"", ""op"": ""="", ""value"": ""customized_result_vibrancy""}]}","{""seed_rule_name"": ""aveda_vibrancy_guide"", ""seed_rule_category"": ""formulation"", ""manufacturer_rule_action"": {""bright"": {""intense_base_g"": 20, ""natural_series_g"": 20, ""pure_tone_amount"": ""double_for_level""}, ""intense"": {""intense_base_g"": 30, ""natural_series_g"": 10, ""pure_tone_amount"": ""double_for_level""}, ""soft"": {""natural_series_g"": 40, ""pure_tone_amount"": ""50_percent_less_than_level_standard""}, ""standard"": {""natural_series_g"": 40, ""pure_tone_amount"": ""recommended_for_level""}, ""strong"": {""natural_series_g"": 40, ""pure_tone_amount"": ""50_percent_more_than_level_standard""}}, ""warning"": ""Apply per Aveda Full Spectrum manufacturer chart: aveda_vibrancy_guide""}",false
AV_FS_010,line,Aveda::Full Spectrum Permanent::US,aveda_universal_on_customization_guide,55,deposit,manufacturer_stated,"{""all_of"": [{""field"": ""seed_base_component"", ""op"": ""="", ""value"": ""Universal ØN""}, {""field"": ""seed_line"", ""op"": ""="", ""value"": ""Full Spectrum Permanent Hair Color""}]}","{""seed_rule_name"": ""aveda_universal_on_customization_guide"", ""seed_rule_category"": ""formulation"", ""manufacturer_rule_action"": {""categories"": {""soft_color_refreshing_or_glossing"": {""natural_series_g"": 0, ""pure_tone_g_range"": [0, 8], ""universal_on_g"": 40}, ""standard_toning_prelightened_or_toning_down"": {""natural_series_g"": 20, ""pure_tone_g_range"": [0, 8], ""universal_on_g"": 20}, ""strong_clear_tone"": {""natural_series_g"": 0, ""pure_tone_g_range"": [10, 20], ""universal_on_g"": 40}}, ""developer_volume"": 5}, ""warning"": ""Apply per Aveda Full Spectrum manufacturer chart: aveda_universal_on_customization_guide""}",false
AV_FS_011,line,Aveda::Full Spectrum Permanent::US,aveda_extra_lift_pastel_blonde_intensity_guide,56,deposit,manufacturer_stated,"{""all_of"": [{""field"": ""seed_line"", ""op"": ""="", ""value"": ""Full Spectrum Permanent Hair Color""}, {""field"": ""seed_series"", ""op"": ""="", ""value"": ""extra_lift_pastel_blonde""}]}","{""seed_rule_name"": ""aveda_extra_lift_pastel_blonde_intensity_guide"", ""seed_rule_category"": ""formulation"", ""manufacturer_rule_action"": {""mixing_ratio"": ""1:2"", ""soft"": {""extra_lifting_creme_g"": 40, ""pastel_tone_g"": 2}, ""standard"": {""extra_lifting_creme_g"": 40, ""pastel_tone_g"": 4}, ""standard_developer_ml"": 80, ""standard_formulas"": {""extra_light_ash_blonde"": ""40g ELC + 4g Pastel Blue"", ""extra_light_golden_blonde"": ""40g ELC + 4g Pastel Y/O"", ""extra_light_platinum_blonde"": ""40g ELC + 4g Pastel Violet""}, ""standard_total_mixture_ml"": 124, ""strong"": {""extra_lifting_creme_g"": 40, ""pastel_tone_g"": 8}}, ""warning"": ""Apply per Aveda Full Spectrum manufacturer chart: aveda_extra_lift_pastel_blonde_intensity_guide""}",false
AV_FS_012,line,Aveda::Full Spectrum Permanent::US,aveda_color_balancing_guide,57,deposit,manufacturer_stated,"{""all_of"": [{""field"": ""seed_line"", ""op"": ""="", ""value"": ""Full Spectrum Permanent Hair Color""}, {""field"": ""seed_service"", ""op"": ""="", ""value"": ""color_balance_or_gloss""}]}","{""seed_rule_name"": ""aveda_color_balancing_guide"", ""seed_rule_category"": ""formulation"", ""manufacturer_rule_action"": {""clear_gloss"": {""universal_on_g"": 40}, ""color_balance"": {""natural_series_g"": 40, ""pure_tone_amount"": ""standard_for_level""}, ""extreme_gloss"": {""pure_tone_or_pure_pigment_g"": 20, ""universal_on_g"": 20}, ""natural_tonal_gloss"": {""natural_series_g"": 20, ""pure_tone_amount"": ""standard_for_level"", ""universal_on_g"": 20}, ""pure_on_prelightened_pale_yellow"": {""pure_pigment_g"": 20}, ""tonal_gloss"": {""pure_tone_g"": 8, ""universal_on_g"": 40}}, ""warning"": ""Apply per Aveda Full Spectrum manufacturer chart: aveda_color_balancing_guide""}",false
AV_FS_013,line,Aveda::Full Spectrum Permanent::US,aveda_precoloration_target_level_formula_matrix,58,correction,manufacturer_stated,"{""all_of"": [{""field"": ""seed_condition"", ""op"": ""="", ""value"": ""desired shade is 3 or more levels darker than previously colored hair""}, {""field"": ""seed_line"", ""op"": ""="", ""value"": ""Full Spectrum""}, {""field"": ""seed_service"", ""op"": ""="", ""value"": ""precoloration""}]}","{""seed_rule_name"": ""aveda_precoloration_target_level_formula_matrix"", ""seed_rule_category"": ""correction"", ""manufacturer_rule_action"": {""processing_time_min"": [15, 20], ""recolor_after"": ""apply desired Full Spectrum Permanent shade with 20 volume developer for 30 minutes"", ""target_level_formulas"": {""1"": {""same_as_level_3"": true}, ""10"": ""N/A"", ""2"": {""same_as_level_3"": true}, ""3"": {""intense_copper_red_vr"": ""10g 3N + 30g ØN + 16g Dark R/O/Dark R/R/Dark R/V"", ""light_copper_dark_copper_red_vr"": ""20g 3N + 20g ØN + 16g Dark R/O/Dark R/R/Dark R/V"", ""natural_ash_gold"": ""20g 3N + 20g ØN + 4g Dark Y/O + 4g Dark R/O""}, ""4"": {""intense_copper_red_vr"": ""10g 4N + 30g ØN + 12g Dark R/O/Dark R/R/Dark R/V"", ""light_copper_dark_copper_red_vr"": ""20g 4N + 20g ØN + 12g Dark R/O/Dark R/R/Dark R/V"", ""natural_ash_gold"": ""20g 4N + 20g ØN + 3g Dark Y/O + 3g Dark R/O""}, ""5"": {""intense_copper_red_vr"": ""10g 5N + 30g ØN + 8g Dark R/O/Dark R/R/Dark R/V"", ""light_copper_dark_copper_red_vr"": ""20g 5N + 20g ØN + 8g Dark R/O/Dark R/R/Dark R/V"", ""natural_ash_gold"": ""20g 5N + 20g ØN + 2g Dark Y/O + 2g Dark R/O""}, ""6"": {""intense_copper_red_vr"": ""10g 6N + 30g ØN + 4g Dark R/O/Dark R/R/Dark R/V"", ""light_copper_dark_copper_red_vr"": ""20g 6N + 20g ØN + 4g Dark R/O/Dark R/R/Dark R/V"", ""natural_ash_gold"": ""20g 6N + 20g ØN + 1g Dark Y/O + 1g Dark R/O""}, ""7"": {""intense_copper_red_vr"": ""10g 7N + 30g ØN + 16g Light O/R"", ""light_copper_dark_copper_red_vr"": ""20g 7N + 20g ØN + 8g Light O/R"", ""natural_ash_gold"": ""20g 7N + 20g ØN + 8g Light Y/O""}, ""8"": {""intense_copper_red_vr"": ""10g 8N + 30g ØN + 12g Light O/R"", ""light_copper_dark_copper_red_vr"": ""20g 8N + 20g ØN + 6g Light O/R"", ""natural_ash_gold"": ""20g 8N + 20g ØN + 6g Light Y/O""}, ""9"": {""intense_copper_red_vr"": ""10g 9N + 30g ØN + 8g Light O/R"", ""light_copper_dark_copper_red_vr"": ""20g 9N + 20g ØN + 4g Light O/R"", ""natural_ash_gold"": ""20g 9N + 20g ØN + 4g Light Y/O""}}, ""use_product"": ""Full Spectrum Deposit-Only Color Treatment + Universal ØN""}, ""warning"": ""Apply per Aveda Full Spectrum manufacturer chart: aveda_precoloration_target_level_formula_matrix""}",false
LP_DIA_LIGH_001,line,L'Oréal Professionnel::Dia Light::US,loreal_dia_standard_preparation,46,deposit,manufacturer_stated,"{""all_of"": [{""field"": ""seed_line"", ""op"": ""="", ""value"": [""Dia Light"", ""Dia Richesse""]}]}","{""seed_rule_name"": ""loreal_dia_standard_preparation"", ""seed_rule_category"": ""developer"", ""manufacturer_rule_action"": {""haircolor_amount_oz"": 1.7, ""diactivateur_amount_oz"": 2.6, ""diactivateur_options"": [""6-vol 1.8%"", ""9-vol 2.7%"", ""15-vol 4.5%""], ""processing_time_min"": [2, 20], ""application"": ""dry unwashed hair"", ""metallic_tools"": false}, ""warning"": ""Apply per manufacturer chart: loreal_dia_standard_preparation""}",false
LP_DIA_LIGH_002,line,L'Oréal Professionnel::Dia Light::US,loreal_dia_light_zero_lift_acidic,47,deposit,manufacturer_stated,"{""all_of"": [{""field"": ""seed_line"", ""op"": ""="", ""value"": ""Dia Light""}]}","{""seed_rule_name"": ""loreal_dia_light_zero_lift_acidic"", ""seed_rule_category"": ""product_type"", ""manufacturer_rule_action"": {""lift_levels"": 0, ""technology"": ""gentle acid demi-permanent gel-crème without ammonia"", ""best_for"": [""color-treated hair"", ""sensitized hair"", ""correction"", ""personalization""]}, ""warning"": ""Apply per manufacturer chart: loreal_dia_light_zero_lift_acidic""}",false
LP_DIA_LIGH_003,line,L'Oréal Professionnel::Dia Light::US,loreal_dia_refreshing_technique,48,application,manufacturer_stated,"{""all_of"": [{""field"": ""seed_line"", ""op"": ""="", ""value"": [""Dia Light"", ""Dia Richesse""]}, {""field"": ""seed_service"", ""op"": ""="", ""value"": ""color_refreshing""}]}","{""seed_rule_name"": ""loreal_dia_refreshing_technique"", ""seed_rule_category"": ""application"", ""manufacturer_rule_action"": {""use_matching_dia_light_if"": [""INOA regrowth"", ""LUO regrowth""], ""use_dia_richesse_if"": [""Majirel regrowth""], ""apply_to"": ""faded mid-lengths and ends 20 minutes before end of permanent color development"", ""diactivateur_options"": {""minimum_fading"": ""warm lighter target shade with 6-vol"", ""moderate_fading"": ""warm target shade same level with 6-vol"", ""maximum_fading"": ""warm target shade same level with 9-vol""}}, ""warning"": ""Apply per manufacturer chart: loreal_dia_refreshing_technique""}",false
LP_DIA_RICH_001,line,L'Oréal Professionnel::Dia Richesse::global,loreal_dia_richesse_coverage_lift,46,gray_coverage,manufacturer_stated,"{""all_of"": [{""field"": ""seed_line"", ""op"": ""="", ""value"": ""Dia Richesse""}]}","{""seed_rule_name"": ""loreal_dia_richesse_coverage_lift"", ""seed_rule_category"": ""gray_coverage"", ""manufacturer_rule_action"": {""white_hair_coverage_pct"": ""up to 70"", ""lift_levels"": ""up to 1.5"", ""technology"": ""advanced alkaline demi-permanent crème without ammonia""}, ""warning"": ""Apply per manufacturer chart: loreal_dia_richesse_coverage_lift""}",false
